"despacio"-adverb-es "peu à peu"-adverb-fr
"peu à peu"-adverb-fr "despacio"-adverb-es
"temporalmente"-adverb-es "temporairement"-adverb-fr
"temporairement"-adverb-fr "temporalmente"-adverb-es
"au-dehors"-adverb-fr "fuera"-adverb-es
"au-dehors"-adverb-fr "afuera"-adverb-es
"fuera"-adverb-es "au-dehors"-adverb-fr
"afuera"-adverb-es "au-dehors"-adverb-fr
"por un lado"-adverb-es "d'un côté"-adverb-fr
"d'un côté"-adverb-fr "por un lado"-adverb-es
"posiblemente"-adverb-es "possiblement"-adverb-fr
"possiblement"-adverb-fr "posiblemente"-adverb-es
"indiscutiblemente"-adverb-es "indiscutablement"-adverb-fr
"indiscutablement"-adverb-fr "indiscutiblemente"-adverb-es
"inclusivement"-adverb-fr "inclusive"-adverb-es
"inclusive"-adverb-es "inclusivement"-adverb-fr
"todavía"-adverb-es "toujours pas"-adverb-fr
"toujours pas"-adverb-fr "todavía"-adverb-es
"toujours pas"-adverb-fr "aún"-adverb-es
"aún"-adverb-es "toujours pas"-adverb-fr
"detalladamente"-adverb-es "minutieusement"-adverb-fr
"minutieusement"-adverb-fr "detalladamente"-adverb-es
"mucho"-adverb-es "très"-adverb-fr
"mucho"-adverb-es "guère"-adverb-fr
"très"-adverb-fr "mucho"-adverb-es
"guère"-adverb-fr "mucho"-adverb-es
"enseguida"-adverb-es "sitôt"-adverb-fr
"sitôt"-adverb-fr "enseguida"-adverb-es
"sitôt"-adverb-fr "inmediatamente"-adverb-es
"inmediatamente"-adverb-es "sitôt"-adverb-fr
"continuamente"-adverb-es "continuellement"-adverb-fr
"continuellement"-adverb-fr "continuamente"-adverb-es
"sans doute"-adverb-fr "sin duda"-adverb-es
"sin duda"-adverb-es "sans doute"-adverb-fr
"previamente"-adverb-es "précédemment"-adverb-fr
"précédemment"-adverb-fr "previamente"-adverb-es
"précédemment"-adverb-fr "anteriormente"-adverb-es
"anteriormente"-adverb-es "précédemment"-adverb-fr
"delante"-adverb-es "au-devant"-adverb-fr
"au-devant"-adverb-fr "delante"-adverb-es
"además"-adverb-es "en outre"-adverb-fr
"en outre"-adverb-fr "además"-adverb-es
"allá"-adverb-es "par-là"-adverb-fr
"par-là"-adverb-fr "allá"-adverb-es
"par-là"-adverb-fr "allí"-adverb-es
"allí"-adverb-es "par-là"-adverb-fr
"posteriormente"-adverb-es "plus tard"-adverb-fr
"plus tard"-adverb-fr "posteriormente"-adverb-es
"aproximadamente"-adverb-es "à peu près"-adverb-fr
"à peu près"-adverb-fr "aproximadamente"-adverb-es
"alrededor"-adverb-es "alentour"-adverb-fr
"alentour"-adverb-fr "alrededor"-adverb-es
"cuál"-pronoun-es "lequel"-pronoun-fr
"lequel"-pronoun-fr "cuál"-pronoun-es
"lequel"-pronoun-fr "que"-relativePronoun-es
"lequel"-pronoun-fr "quién"-pronoun-es
"que"-relativePronoun-es "lequel"-pronoun-fr
"quién"-pronoun-es "lequel"-pronoun-fr
"por medio de"-preposition-es "au moyen de"-preposition-fr
"au moyen de"-preposition-fr "por medio de"-preposition-es
"au moyen de"-preposition-fr "mediante"-preposition-es
"mediante"-preposition-es "au moyen de"-preposition-fr
"conforme a"-preposition-es "suivant"-preposition-fr
"conforme a"-preposition-es "d'après"-preposition-fr
"suivant"-preposition-fr "conforme a"-preposition-es
"suivant"-preposition-fr "según"-preposition-es
"d'après"-preposition-fr "conforme a"-preposition-es
"d'après"-preposition-fr "según"-preposition-es
"según"-preposition-es "suivant"-preposition-fr
"según"-preposition-es "d'après"-preposition-fr
"fuera de"-preposition-es "hors de"-preposition-fr
"hors de"-preposition-fr "fuera de"-preposition-es
"además de"-preposition-es "en plus de"-preposition-fr
"en plus de"-preposition-fr "además de"-preposition-es
"excepto"-preposition-es "hormis"-preposition-fr
"hormis"-preposition-fr "excepto"-preposition-es
"hormis"-preposition-fr "salvo"-preposition-es
"salvo"-preposition-es "hormis"-preposition-fr
"desde"-preposition-es "à partir de"-preposition-fr
"à partir de"-preposition-fr "desde"-preposition-es
"près de"-preposition-fr "cerca de"-preposition-es
"cerca de"-preposition-es "près de"-preposition-fr
"a través de"-preposition-es "au travers de"-preposition-fr
"au travers de"-preposition-fr "a través de"-preposition-es
"en"-preposition-es "ès"-preposition-fr
"ès"-preposition-fr "en"-preposition-es
"ante"-preposition-es "au-devant de"-preposition-fr
"au-devant de"-preposition-fr "ante"-preposition-es
"au-devant de"-preposition-fr "delante de"-preposition-es
"delante de"-preposition-es "au-devant de"-preposition-fr
"en frente de"-preposition-es "en face de"-preposition-fr
"en face de"-preposition-fr "en frente de"-preposition-es
"medio"-adjective-es "demi"-adjective-fr
"demi"-adjective-fr "medio"-adjective-es
"questionner"-verb-fr "cuestionar"-verb-es
"cuestionar"-verb-es "questionner"-verb-fr
"hermano"-noun-es "sœur"-noun-fr
"sœur"-noun-fr "hermano"-noun-es
"Romain"-noun-fr "novela"-noun-es
"novela"-noun-es "Romain"-noun-fr
"cúpula"-noun-es "coupole"-noun-fr
"coupole"-noun-fr "cúpula"-noun-es
"comerciante"-noun-es "négociant"-noun-fr
"négociant"-noun-fr "comerciante"-noun-es
"infección"-noun-es "contagion"-noun-fr
"contagion"-noun-fr "infección"-noun-es
"discothèque"-noun-fr "discoteca"-noun-es
"discoteca"-noun-es "discothèque"-noun-fr
"tranvía"-noun-es "tram"-noun-fr
"tram"-noun-fr "tranvía"-noun-es
"degradación"-noun-es "dégénération"-noun-fr
"dégénération"-noun-fr "degradación"-noun-es
"niebla"-noun-es "brume"-noun-fr
"brume"-noun-fr "niebla"-noun-es
"orthographe"-noun-fr "ortografía"-noun-es
"ortografía"-noun-es "orthographe"-noun-fr
"película"-noun-es "pellicule"-noun-fr
"pellicule"-noun-fr "película"-noun-es
"orgullo"-noun-es "fierté"-noun-fr
"fierté"-noun-fr "orgullo"-noun-es
"barandilla"-noun-es "parapet"-noun-fr
"barandilla"-noun-es "balustrade"-noun-fr
"parapet"-noun-fr "barandilla"-noun-es
"parapet"-noun-fr "baranda"-noun-es
"balustrade"-noun-fr "barandilla"-noun-es
"baranda"-noun-es "parapet"-noun-fr
"courtoisie"-noun-fr "cortesía"-noun-es
"cortesía"-noun-es "courtoisie"-noun-fr
"víspera"-noun-es "jour précédent"-noun-fr
"jour précédent"-noun-fr "víspera"-noun-es
"yerno"-noun-es "beau-fils"-noun-fr
"beau-fils"-noun-fr "yerno"-noun-es
"beau-fils"-noun-fr "nuera"-noun-es
"nuera"-noun-es "beau-fils"-noun-fr
"demandeur"-noun-fr "solicitante"-noun-es
"solicitante"-noun-es "demandeur"-noun-fr
"Chinois"-noun-fr "chino"-noun-es
"chino"-noun-es "Chinois"-noun-fr
"entrevue"-noun-fr "entrevista"-noun-es
"entrevista"-noun-es "entrevue"-noun-fr
"pastor"-noun-es "pâtre"-noun-fr
"pâtre"-noun-fr "pastor"-noun-es
"baloncesto"-noun-es "basket"-noun-fr
"baloncesto"-noun-es "basketball"-noun-fr
"basket"-noun-fr "baloncesto"-noun-es
"basketball"-noun-fr "baloncesto"-noun-es
"reserva"-noun-es "réservation"-noun-fr
"réservation"-noun-fr "reserva"-noun-es
"reclamo"-noun-es "réclame"-noun-fr
"réclame"-noun-fr "reclamo"-noun-es
"prólogo"-noun-es "préface"-noun-fr
"préface"-noun-fr "prólogo"-noun-es
"avería"-noun-es "panne"-noun-fr
"panne"-noun-fr "avería"-noun-es
"rage"-noun-fr "rabia"-noun-es
"rabia"-noun-es "rage"-noun-fr
"violación"-noun-es "viol"-noun-fr
"viol"-noun-fr "violación"-noun-es
"castigo"-noun-es "châtiment"-noun-fr
"châtiment"-noun-fr "castigo"-noun-es
"cinturón"-noun-es "ceinturon"-noun-fr
"ceinturon"-noun-fr "cinturón"-noun-es
"magnitud"-noun-es "magnitude"-noun-fr
"magnitude"-noun-fr "magnitud"-noun-es
"estrella"-noun-es "star"-noun-fr
"star"-noun-fr "estrella"-noun-es
"evento"-noun-es "évènement"-noun-fr
"évènement"-noun-fr "evento"-noun-es
"évènement"-noun-fr "suceso"-noun-es
"évènement"-noun-fr "acontecimiento"-noun-es
"évènement"-noun-fr "caso"-noun-es
"suceso"-noun-es "évènement"-noun-fr
"acontecimiento"-noun-es "évènement"-noun-fr
"caso"-noun-es "évènement"-noun-fr
"empresa"-noun-es "emprise"-noun-fr
"emprise"-noun-fr "empresa"-noun-es
"piso"-noun-es "étage"-noun-fr
"étage"-noun-fr "piso"-noun-es
"suelo"-noun-es "plancher"-noun-fr
"plancher"-noun-fr "suelo"-noun-es
"reino"-noun-es "règne"-noun-fr
"règne"-noun-fr "reino"-noun-es
"habilidad"-noun-es "habileté"-noun-fr
"habileté"-noun-fr "habilidad"-noun-es
"estudio"-noun-es "studio"-noun-fr
"studio"-noun-fr "estudio"-noun-es
"aliment"-noun-fr "alimento"-noun-es
"alimento"-noun-es "aliment"-noun-fr
"comida"-noun-es "manger"-noun-fr
"manger"-noun-fr "comida"-noun-es
"cambio"-noun-es "change"-noun-fr
"change"-noun-fr "cambio"-noun-es
"inversión"-noun-es "inversion"-noun-fr
"inversion"-noun-fr "inversión"-noun-es
"frottement"-noun-fr "fricción"-noun-es
"fricción"-noun-es "frottement"-noun-fr
"cabaña"-noun-es "cabane"-noun-fr
"cabane"-noun-fr "cabaña"-noun-es
"material"-noun-es "matériau"-noun-fr
"matériau"-noun-fr "material"-noun-es
"laguna"-noun-es "étang"-noun-fr
"étang"-noun-fr "laguna"-noun-es
"inventaire"-noun-fr "inventario"-noun-es
"inventario"-noun-es "inventaire"-noun-fr
"diète"-noun-fr "dieta"-noun-es
"dieta"-noun-es "diète"-noun-fr
"fracaso"-noun-es "fiasco"-noun-fr
"fiasco"-noun-fr "fracaso"-noun-es
"bec"-noun-fr "pico"-noun-es
"pico"-noun-es "bec"-noun-fr
"coup d'état"-noun-fr "golpe de estado"-noun-es
"golpe de estado"-noun-es "coup d'état"-noun-fr
"pendant"-noun-fr "pendiente"-noun-es
"pendiente"-noun-es "pendant"-noun-fr
"barca"-noun-es "canot"-noun-fr
"canot"-noun-fr "barca"-noun-es
"roca"-noun-es "rocher"-noun-fr
"rocher"-noun-fr "roca"-noun-es
"gouffre"-noun-fr "abismo"-noun-es
"abismo"-noun-es "gouffre"-noun-fr
"final"-noun-es "final"-noun-fr
"final"-noun-fr "final"-noun-es
"final"-noun-fr "fin"-noun-es
"fin"-noun-es "final"-noun-fr
"énfasis"-noun-es "emphase"-noun-fr
"emphase"-noun-fr "énfasis"-noun-es
"dédicace"-noun-fr "dedicación"-noun-es
"dedicación"-noun-es "dédicace"-noun-fr
"ejército"-noun-es "armada"-noun-fr
"armada"-noun-fr "ejército"-noun-es
"orilla"-noun-es "rivage"-noun-fr
"rivage"-noun-fr "orilla"-noun-es
"borde"-noun-es "lisière"-noun-fr
"lisière"-noun-fr "borde"-noun-es
"lisière"-noun-fr "margen"-noun-es
"margen"-noun-es "lisière"-noun-fr
"personal"-noun-es "effectif"-noun-fr
"effectif"-noun-fr "personal"-noun-es
"patrono"-noun-es "protecteur"-noun-fr
"protecteur"-noun-fr "patrono"-noun-es
"protecteur"-noun-fr "patrocinador"-noun-es
"empresario"-noun-es "imprésario"-noun-fr
"imprésario"-noun-fr "empresario"-noun-es
"señor"-noun-es "sire"-noun-fr
"sire"-noun-fr "señor"-noun-es
"retorno"-noun-es "refrain"-noun-fr
"refrain"-noun-fr "retorno"-noun-es
"chœur"-noun-fr "coro"-noun-es
"chœur"-noun-fr "corazón"-noun-es
"coro"-noun-es "chœur"-noun-fr
"coro"-noun-es "cœur"-noun-fr
"corazón"-noun-es "chœur"-noun-fr
"corazón"-noun-es "cœur"-noun-fr
"cœur"-noun-fr "coro"-noun-es
"cœur"-noun-fr "corazón"-noun-es
"pueblo"-noun-es "ethnie"-noun-fr
"ethnie"-noun-fr "pueblo"-noun-es
"bóveda"-noun-es "voute"-noun-fr
"bóveda"-noun-es "voûte"-noun-fr
"voute"-noun-fr "bóveda"-noun-es
"voûte"-noun-fr "bóveda"-noun-es
"nœud"-noun-fr "nudo"-noun-es
"nudo"-noun-es "nœud"-noun-fr
"radio"-noun-es "radius"-noun-fr
"radius"-noun-fr "radio"-noun-es
"coche"-noun-es "auto"-noun-fr
"auto"-noun-fr "coche"-noun-es
"auto"-noun-fr "automóvil"-noun-es
"automóvil"-noun-es "auto"-noun-fr
"fila"-noun-es "rangée"-noun-fr
"rangée"-noun-fr "fila"-noun-es
"caballero"-noun-es "chevalier"-noun-fr
"chevalier"-noun-fr "caballero"-noun-es
"joven"-noun-es "jeunes gens"-noun-fr
"jeunes gens"-noun-fr "joven"-noun-es
"encadrement"-noun-fr "marco"-noun-es
"marco"-noun-es "encadrement"-noun-fr
"valle"-noun-es "val"-noun-fr
"val"-noun-fr "valle"-noun-es
"catarata"-noun-es "cataracte"-noun-fr
"cataracte"-noun-fr "catarata"-noun-es
"derrota"-noun-es "déroute"-noun-fr
"déroute"-noun-fr "derrota"-noun-es
"apellido"-noun-es "nom de famille"-noun-fr
"apellido"-noun-es "patronyme"-noun-fr
"nom de famille"-noun-fr "apellido"-noun-es
"patronyme"-noun-fr "apellido"-noun-es
"aparición"-noun-es "parution"-noun-fr
"parution"-noun-fr "aparición"-noun-es
"agradecimiento"-noun-es "gratitude"-noun-fr
"gratitude"-noun-fr "agradecimiento"-noun-es
"avancement"-noun-fr "avance"-noun-es
"avance"-noun-es "avancement"-noun-fr
"capital"-noun-es "chef-lieu"-noun-fr
"chef-lieu"-noun-fr "capital"-noun-es
"profesor"-noun-es "instituteur"-noun-fr
"profesor"-noun-es "prof"-noun-fr
"instituteur"-noun-fr "profesor"-noun-es
"prof"-noun-fr "profesor"-noun-es
"patrocinador"-noun-es "protecteur"-noun-fr
"maestro"-noun-es "maitre"-noun-fr
"maitre"-noun-fr "maestro"-noun-es
"auditorio"-noun-es "auditoire"-noun-fr
"auditoire"-noun-fr "auditorio"-noun-es
"résidant"-noun-fr "residente"-noun-es
"residente"-noun-es "résidant"-noun-fr
"vergüenza"-noun-es "vergogne"-noun-fr
"vergogne"-noun-fr "vergüenza"-noun-es
"sabor"-noun-es "saveur"-noun-fr
"saveur"-noun-fr "sabor"-noun-es
"muestra"-noun-es "spécimen"-noun-fr
"spécimen"-noun-fr "muestra"-noun-es
"chariot"-noun-fr "carro"-noun-es
"carro"-noun-es "chariot"-noun-fr
"caste"-noun-fr "casta"-noun-es
"casta"-noun-es "caste"-noun-fr
"fuga"-noun-es "fugue"-noun-fr
"fugue"-noun-fr "fuga"-noun-es
"robo"-noun-es "cambriolage"-noun-fr
"cambriolage"-noun-fr "robo"-noun-es
"costumbre"-noun-es "mœurs"-noun-fr
"mœurs"-noun-fr "costumbre"-noun-es
"homicidio"-noun-es "homicide"-noun-fr
"homicide"-noun-fr "homicidio"-noun-es
"encaje"-noun-es "dentelle"-noun-fr
"dentelle"-noun-fr "encaje"-noun-es
"relief"-noun-fr "relieve"-noun-es
"relief"-noun-fr "relevo"-noun-es
"relieve"-noun-es "relief"-noun-fr
"relevo"-noun-es "relief"-noun-fr
"barro"-noun-es "fange"-noun-fr
"fange"-noun-fr "barro"-noun-es
"barco"-noun-es "vaisseau"-noun-fr
"vaisseau"-noun-fr "barco"-noun-es
"vaisseau"-noun-fr "navío"-noun-es
"navío"-noun-es "vaisseau"-noun-fr
"nave"-noun-es "nef"-noun-fr
"nef"-noun-fr "nave"-noun-es
"corteza"-noun-es "écorce"-noun-fr
"écorce"-noun-fr "corteza"-noun-es
"ardoise"-noun-fr "pizarra"-noun-es
"pizarra"-noun-es "ardoise"-noun-fr
"tube"-noun-fr "tubo"-noun-es
"tubo"-noun-es "tube"-noun-fr
"superficie"-noun-es "superficie"-noun-fr
"superficie"-noun-fr "superficie"-noun-es
"œuvre"-noun-fr "obra"-noun-es
"obra"-noun-es "œuvre"-noun-fr
"col"-noun-fr "cuello"-noun-es
"cuello"-noun-es "col"-noun-fr
"graine"-noun-fr "pepita"-noun-es
"graine"-noun-fr "semilla"-noun-es
"pepita"-noun-es "graine"-noun-fr
"semilla"-noun-es "graine"-noun-fr
"semilla"-noun-es "semence"-noun-fr
"semence"-noun-fr "semilla"-noun-es
"gorra"-noun-es "casquette"-noun-fr
"casquette"-noun-fr "gorra"-noun-es
"cerdo"-noun-es "porc"-noun-fr
"porc"-noun-fr "cerdo"-noun-es
"silla"-noun-es "chaire"-noun-fr
"chaire"-noun-fr "silla"-noun-es
"desarrollo"-noun-es "déroulement"-noun-fr
"déroulement"-noun-fr "desarrollo"-noun-es
"decadencia"-noun-es "décadence"-noun-fr
"décadence"-noun-fr "decadencia"-noun-es
"joya"-noun-es "joyau"-noun-fr
"joya"-noun-es "bijou"-noun-fr
"joyau"-noun-fr "joya"-noun-es
"joyau"-noun-fr "alegría"-noun-es
"bijou"-noun-fr "joya"-noun-es
"bijou"-noun-fr "alegría"-noun-es
"alegría"-noun-es "joyau"-noun-fr
"alegría"-noun-es "bijou"-noun-fr
"ira"-noun-es "ire"-noun-fr
"ire"-noun-fr "ira"-noun-es
"zumo"-noun-es "suc"-noun-fr
"suc"-noun-fr "zumo"-noun-es
"suc"-noun-fr "jugo"-noun-es
"jugo"-noun-es "suc"-noun-fr
"lazo"-noun-es "lacet"-noun-fr
"lacet"-noun-fr "lazo"-noun-es
"predecesor"-noun-es "devancier"-noun-fr
"devancier"-noun-fr "predecesor"-noun-es
"dormitorio"-noun-es "chambre à coucher"-noun-fr
"chambre à coucher"-noun-fr "dormitorio"-noun-es
"barraca"-noun-es "baraque"-noun-fr
"baraque"-noun-fr "barraca"-noun-es
"injuria"-noun-es "affront"-noun-fr
"affront"-noun-fr "injuria"-noun-es
"faillite"-noun-fr "quiebra"-noun-es
"faillite"-noun-fr "bancarrota"-noun-es
"quiebra"-noun-es "faillite"-noun-fr
"bancarrota"-noun-es "faillite"-noun-fr
"fuente"-noun-es "fontaine"-noun-fr
"fontaine"-noun-fr "fuente"-noun-es
"allongement"-noun-fr "alargamiento"-noun-es
"alargamiento"-noun-es "allongement"-noun-fr
"calibrer"-verb-fr "calibrar"-verb-es
"calibrar"-verb-es "calibrer"-verb-fr
"espionner"-verb-fr "espiar"-verb-es
"espiar"-verb-es "espionner"-verb-fr
"maduro"-adjective-es "mature"-adjective-fr
"mature"-adjective-fr "maduro"-adjective-es
"autochtone"-adjective-fr "indígena"-adjective-es
"indígena"-adjective-es "autochtone"-adjective-fr
"escandalizar"-verb-es "scandaliser"-verb-fr
"scandaliser"-verb-fr "escandalizar"-verb-es
"aparcar"-verb-es "parquer"-verb-fr
"parquer"-verb-fr "aparcar"-verb-es
"absolver"-verb-es "absoudre"-verb-fr
"absoudre"-verb-fr "absolver"-verb-es
"catalogar"-verb-es "répertorier"-verb-fr
"répertorier"-verb-fr "catalogar"-verb-es
"aprovechar"-verb-es "profiter"-verb-fr
"profiter"-verb-fr "aprovechar"-verb-es
"culminar"-verb-es "culminer"-verb-fr
"culminer"-verb-fr "culminar"-verb-es
"commode"-adjective-fr "cómodo"-adjective-es
"cómodo"-adjective-es "commode"-adjective-fr
"cómodo"-adjective-es "à son aise"-adjective-fr
"cómodo"-adjective-es "à l'aise"-adjective-fr
"à son aise"-adjective-fr "cómodo"-adjective-es
"à l'aise"-adjective-fr "cómodo"-adjective-es
"harmonique"-adjective-fr "armónico"-adjective-es
"armónico"-adjective-es "harmonique"-adjective-fr
"adecuado"-adjective-es "adéquat"-adjective-fr
"adéquat"-adjective-fr "adecuado"-adjective-es
"adéquat"-adjective-fr "apropiado"-adjective-es
"adéquat"-adjective-fr "conforme"-adjective-es
"apropiado"-adjective-es "adéquat"-adjective-fr
"conforme"-adjective-es "adéquat"-adjective-fr
"apagar"-verb-es "mettre hors circuit"-verb-fr
"mettre hors circuit"-verb-fr "apagar"-verb-es
"incluir"-verb-es "inclure"-verb-fr
"inclure"-verb-fr "incluir"-verb-es
"feroz"-adjective-es "farouche"-adjective-fr
"farouche"-adjective-fr "feroz"-adjective-es
"insignificante"-adjective-es "négligeable"-adjective-fr
"négligeable"-adjective-fr "insignificante"-adjective-es
"plano"-adjective-es "plan"-adjective-fr
"plan"-adjective-fr "plano"-adjective-es
"alegre"-adjective-es "allègre"-adjective-fr
"allègre"-adjective-fr "alegre"-adjective-es
"afortunado"-adjective-es "chanceux"-adjective-fr
"chanceux"-adjective-fr "afortunado"-adjective-es
"inadecuado"-adjective-es "inadéquat"-adjective-fr
"inadéquat"-adjective-fr "inadecuado"-adjective-es
"inesperado"-adjective-es "inespéré"-adjective-fr
"inespéré"-adjective-fr "inesperado"-adjective-es
"informar"-verb-es "renseigner"-verb-fr
"renseigner"-verb-fr "informar"-verb-es
"conceder"-verb-es "concéder"-verb-fr
"concéder"-verb-fr "conceder"-verb-es
"seguro"-adjective-es "assuré"-adjective-fr
"seguro"-adjective-es "certain"-adjective-fr
"assuré"-adjective-fr "seguro"-adjective-es
"certain"-adjective-fr "seguro"-adjective-es
"authentique"-adjective-fr "auténtico"-adjective-es
"auténtico"-adjective-es "authentique"-adjective-fr
"braver"-verb-fr "desafiar"-verb-es
"desafiar"-verb-es "braver"-verb-fr
"conectar"-verb-es "connecter"-verb-fr
"connecter"-verb-fr "conectar"-verb-es
"explotar"-verb-es "crever"-verb-fr
"crever"-verb-fr "explotar"-verb-es
"agudo"-adjective-es "perçant"-adjective-fr
"perçant"-adjective-fr "agudo"-adjective-es
"inevitable"-adjective-es "inéluctable"-adjective-fr
"inéluctable"-adjective-fr "inevitable"-adjective-es
"desmesurado"-adjective-es "immodéré"-adjective-fr
"immodéré"-adjective-fr "desmesurado"-adjective-es
"rusé"-adjective-fr "astuto"-adjective-es
"astuto"-adjective-es "rusé"-adjective-fr
"passionné"-adjective-fr "ardiente"-adjective-es
"ardiente"-adjective-es "passionné"-adjective-fr
"incómodo"-adjective-es "incommode"-adjective-fr
"incommode"-adjective-fr "incómodo"-adjective-es
"lascif"-adjective-fr "sensual"-adjective-es
"sensual"-adjective-es "lascif"-adjective-fr
"doméstico"-adjective-es "ménager"-adjective-fr
"ménager"-adjective-fr "doméstico"-adjective-es
"plantureux"-adjective-fr "abundante"-adjective-es
"abundante"-adjective-es "plantureux"-adjective-fr
"laico"-adjective-es "laïc"-adjective-fr
"laïc"-adjective-fr "laico"-adjective-es
"lamentar"-verb-es "lamenter"-verb-fr
"lamenter"-verb-fr "lamentar"-verb-es
"susurrar"-verb-es "chuchoter"-verb-fr
"chuchoter"-verb-fr "susurrar"-verb-es
"affranchir"-verb-fr "franquear"-verb-es
"franquear"-verb-es "affranchir"-verb-fr
"entrenar"-verb-es "entrainer"-verb-fr
"entrainer"-verb-fr "entrenar"-verb-es
"abrupto"-adjective-es "brusque"-adjective-fr
"brusque"-adjective-fr "abrupto"-adjective-es
"áspero"-adjective-es "rêche"-adjective-fr
"áspero"-adjective-es "rugueux"-adjective-fr
"rêche"-adjective-fr "áspero"-adjective-es
"rugueux"-adjective-fr "áspero"-adjective-es
"classifier"-verb-fr "clasificar"-verb-es
"clasificar"-verb-es "classifier"-verb-fr
"solventar"-verb-es "solutionner"-verb-fr
"solutionner"-verb-fr "solventar"-verb-es
"solutionner"-verb-fr "solucionar"-verb-es
"solucionar"-verb-es "solutionner"-verb-fr
"sueño"-noun-es "sommeil"-noun-fr
"sommeil"-noun-fr "sueño"-noun-es
"constructor"-noun-es "bâtisseur"-noun-fr
"bâtisseur"-noun-fr "constructor"-noun-es
"césped"-noun-es "gazon"-noun-fr
"gazon"-noun-fr "césped"-noun-es
"alias"-noun-fr "seudónimo"-noun-es
"seudónimo"-noun-es "alias"-noun-fr
"huevo"-noun-es "œuf"-noun-fr
"œuf"-noun-fr "huevo"-noun-es
"Gran Bretaña"-properNoun-es "Grande Bretagne"-properNoun-fr
"Grande Bretagne"-properNoun-fr "Gran Bretaña"-properNoun-es
"March"-properNoun-es "March"-noun-fr
"March"-noun-fr "March"-properNoun-es
"Russe"-noun-fr "ruso"-noun-es
"ruso"-noun-es "Russe"-noun-fr
"milla"-noun-es "mile"-noun-fr
"mile"-noun-fr "milla"-noun-es
"usager"-noun-fr "usuario"-noun-es
"usuario"-noun-es "usager"-noun-fr
"ojo"-noun-es "œil"-noun-fr
"œil"-noun-fr "ojo"-noun-es
"mobiliario"-noun-es "mobilier"-noun-fr
"mobilier"-noun-fr "mobiliario"-noun-es
"carpintero"-noun-es "charpentier"-noun-fr
"charpentier"-noun-fr "carpintero"-noun-es
"concierto"-noun-es "concerto"-noun-fr
"concerto"-noun-fr "concierto"-noun-es
"autobús"-noun-es "car"-noun-fr
"car"-noun-fr "autobús"-noun-es
"nevera"-noun-es "frigo"-noun-fr
"frigo"-noun-fr "nevera"-noun-es
"valide"-adjective-fr "válido"-adjective-es
"válido"-adjective-es "valide"-adjective-fr
"mecánico"-adjective-es "mécanique"-adjective-fr
"mécanique"-adjective-fr "mecánico"-adjective-es
"médico"-adjective-es "médique"-adjective-fr
"médique"-adjective-fr "médico"-adjective-es
"structurel"-adjective-fr "estructural"-adjective-es
"estructural"-adjective-es "structurel"-adjective-fr
"peinar"-verb-es "peigner"-verb-fr
"peigner"-verb-fr "peinar"-verb-es
"Candela"-properNoun-es "Candela"-noun-fr
"Candela"-noun-fr "Candela"-properNoun-es
"Adam"-properNoun-es "Adam"-noun-fr
"Adam"-noun-fr "Adam"-properNoun-es
"Adán"-properNoun-es "Adán"-noun-fr
"Adán"-noun-fr "Adán"-properNoun-es
"Albert"-properNoun-es "Albert"-noun-fr
"Albert"-noun-fr "Albert"-properNoun-es
"Dennis"-noun-fr "Dennis"-properNoun-es
"Dennis"-properNoun-es "Dennis"-noun-fr
"Hugo"-properNoun-es "Hugo"-noun-fr
"Hugo"-noun-fr "Hugo"-properNoun-es
"Simon"-properNoun-es "Simon"-noun-fr
"Simon"-noun-fr "Simon"-properNoun-es
"Richard"-properNoun-es "Richard"-noun-fr
"Richard"-noun-fr "Richard"-properNoun-es
"Martí"-properNoun-es "Martí"-noun-fr
"Martí"-noun-fr "Martí"-properNoun-es
"Campbell"-properNoun-es "Campbell"-noun-fr
"Campbell"-noun-fr "Campbell"-properNoun-es
"Henry"-properNoun-es "Henry"-noun-fr
"Henry"-noun-fr "Henry"-properNoun-es
"Gabriel"-properNoun-es "Gabriel"-noun-fr
"Gabriel"-noun-fr "Gabriel"-properNoun-es
"Jackson"-properNoun-es "Jackson"-noun-fr
"Jackson"-noun-fr "Jackson"-properNoun-es
"Jordana"-properNoun-es "Jordana"-noun-fr
"Jordana"-noun-fr "Jordana"-properNoun-es
"Blair"-properNoun-es "Blair"-noun-fr
"Blair"-noun-fr "Blair"-properNoun-es
"Christopher"-noun-fr "Christopher"-properNoun-es
"Christopher"-properNoun-es "Christopher"-noun-fr
"Joseph"-noun-fr "Joseph"-properNoun-es
"Joseph"-properNoun-es "Joseph"-noun-fr
"Josep"-properNoun-es "Josep"-noun-fr
"Josep"-noun-fr "Josep"-properNoun-es
"Michael"-properNoun-es "Michael"-noun-fr
"Michael"-noun-fr "Michael"-properNoun-es
"David"-properNoun-es "David"-noun-fr
"David"-noun-fr "David"-properNoun-es
"Lewis"-properNoun-es "Lewis"-noun-fr
"Lewis"-noun-fr "Lewis"-properNoun-es
"Andreu"-properNoun-es "Andreu"-noun-fr
"Andreu"-noun-fr "Andreu"-properNoun-es
"Bartomeu"-properNoun-es "Bartomeu"-noun-fr
"Bartomeu"-noun-fr "Bartomeu"-properNoun-es
"Bernard"-properNoun-es "Bernard"-noun-fr
"Bernard"-noun-fr "Bernard"-properNoun-es
"Biel"-properNoun-es "Biel"-noun-fr
"Biel"-noun-fr "Biel"-properNoun-es
"Borja"-properNoun-es "Borja"-noun-fr
"Borja"-noun-fr "Borja"-properNoun-es
"Isabelle"-noun-fr "Isabelle"-properNoun-es
"Isabelle"-properNoun-es "Isabelle"-noun-fr
"Gérard"-properNoun-es "Gérard"-noun-fr
"Gérard"-noun-fr "Gérard"-properNoun-es
"Guillermo"-properNoun-es "Guillermo"-noun-fr
"Guillermo"-noun-fr "Guillermo"-properNoun-es
"Guillaume"-properNoun-es "Guillaume"-noun-fr
"Guillaume"-noun-fr "Guillaume"-properNoun-es
"Guillem"-properNoun-es "Guillem"-noun-fr
"Guillem"-noun-fr "Guillem"-properNoun-es
"Jésus"-properNoun-fr "Jesús"-properNoun-es
"Jesús"-properNoun-es "Jésus"-properNoun-fr
"Laurence"-noun-fr "Laurence"-properNoun-es
"Laurence"-properNoun-es "Laurence"-noun-fr
"Nicolau"-properNoun-es "Nicolau"-noun-fr
"Nicolau"-noun-fr "Nicolau"-properNoun-es
"Philip"-properNoun-es "Philip"-noun-fr
"Philip"-noun-fr "Philip"-properNoun-es
"Philippe"-noun-fr "Philippe"-properNoun-es
"Philippe"-properNoun-es "Philippe"-noun-fr
"Santiago"-properNoun-es "Santiago"-noun-fr
"Santiago"-noun-fr "Santiago"-properNoun-es
"Parker"-properNoun-es "Parker"-noun-fr
"Parker"-noun-fr "Parker"-properNoun-es
"Richardson"-properNoun-es "Richardson"-noun-fr
"Richardson"-noun-fr "Richardson"-properNoun-es
"Adams"-properNoun-es "Adams"-noun-fr
"Adams"-noun-fr "Adams"-properNoun-es
"Roberts"-properNoun-es "Roberts"-noun-fr
"Roberts"-noun-fr "Roberts"-properNoun-es
"Jones"-properNoun-es "Jones"-noun-fr
"Jones"-noun-fr "Jones"-properNoun-es
"Brown"-properNoun-es "Brown"-noun-fr
"Brown"-noun-fr "Brown"-properNoun-es
"Johnson"-properNoun-es "Johnson"-noun-fr
"Johnson"-noun-fr "Johnson"-properNoun-es
"Miller"-properNoun-es "Miller"-noun-fr
"Miller"-noun-fr "Miller"-properNoun-es
"Smith"-properNoun-es "Smith"-noun-fr
"Smith"-noun-fr "Smith"-properNoun-es
"Thomson"-properNoun-es "Thomson"-noun-fr
"Thomson"-noun-fr "Thomson"-properNoun-es
"Wilson"-properNoun-es "Wilson"-noun-fr
"Wilson"-noun-fr "Wilson"-properNoun-es
"Young"-properNoun-es "Young"-noun-fr
"Young"-noun-fr "Young"-properNoun-es
"York"-properNoun-es "York"-noun-fr
"York"-noun-fr "York"-properNoun-es
"Arménie"-properNoun-fr "Armenia"-properNoun-es
"Armenia"-properNoun-es "Arménie"-properNoun-fr
"Barcelona"-properNoun-es "Barcelona"-properNoun-fr
"Barcelona"-properNoun-es "Barcelona"-noun-fr
"Barcelona"-properNoun-fr "Barcelona"-properNoun-es
"Barcelona"-noun-fr "Barcelona"-properNoun-es
"Camerún"-properNoun-es "Cameron"-noun-fr
"Cameron"-noun-fr "Camerún"-properNoun-es
"Israel"-properNoun-es "Israël"-noun-fr
"Israel"-properNoun-es "Israel"-properNoun-fr
"Israël"-noun-fr "Israel"-properNoun-es
"Israel"-properNoun-fr "Israel"-properNoun-es
"Madrid"-properNoun-es "Madrid"-noun-fr
"Madrid"-noun-fr "Madrid"-properNoun-es
"Milà"-properNoun-es "Milà"-noun-fr
"Milà"-noun-fr "Milà"-properNoun-es
"Milà"-noun-fr "Milán"-properNoun-es
"Milán"-properNoun-es "Milà"-noun-fr
"Monaco"-noun-fr "Mónaco"-properNoun-es
"Mónaco"-properNoun-es "Monaco"-noun-fr
"Montenegro"-properNoun-es "Montenegro"-noun-fr
"Montenegro"-properNoun-es "Montenegro"-properNoun-fr
"Montenegro"-noun-fr "Montenegro"-properNoun-es
"Montenegro"-properNoun-fr "Montenegro"-properNoun-es
"Navarra"-properNoun-es "Navarra"-properNoun-fr
"Navarra"-properNoun-es "Navarra"-noun-fr
"Navarra"-properNoun-fr "Navarra"-properNoun-es
"Navarra"-noun-fr "Navarra"-properNoun-es
"Nigeria"-properNoun-es "Nigéria"-properNoun-fr
"Nigéria"-properNoun-fr "Nigeria"-properNoun-es
"Roma"-properNoun-es "Roma"-noun-fr
"Roma"-properNoun-es "Roma"-properNoun-fr
"Roma"-noun-fr "Roma"-properNoun-es
"Roma"-properNoun-fr "Roma"-properNoun-es
"Washington"-properNoun-es "Washington"-noun-fr
"Washington"-noun-fr "Washington"-properNoun-es
"suyo"-adjective-es "à lui"-adjective-fr
"suyo"-adjective-es "à elle"-adjective-fr
"suyo"-adjective-es "à eux"-adjective-fr
"à lui"-adjective-fr "suyo"-adjective-es
"à elle"-adjective-fr "suyo"-adjective-es
"à eux"-adjective-fr "suyo"-adjective-es
"Apple"-properNoun-es "Apple"-noun-fr
"Apple"-noun-fr "Apple"-properNoun-es
"desgraciadamente"-adverb-es "regrettablement"-adverb-fr
"regrettablement"-adverb-fr "desgraciadamente"-adverb-es
"a mano"-adverb-es "manuellement"-adverb-fr
"manuellement"-adverb-fr "a mano"-adverb-es
"en cachette"-adverb-fr "en secreto"-adverb-es
"en secreto"-adverb-es "en cachette"-adverb-fr
"en secreto"-adverb-es "secrètement"-adverb-fr
"en secreto"-adverb-es "à la dérobée"-adverb-fr
"secrètement"-adverb-fr "en secreto"-adverb-es
"à la dérobée"-adverb-fr "en secreto"-adverb-es
"dentro"-adverb-es "au-dedans"-adverb-fr
"au-dedans"-adverb-fr "dentro"-adverb-es
"previsiblemente"-adverb-es "prévisiblement"-adverb-fr
"prévisiblement"-adverb-fr "previsiblemente"-adverb-es
"Anglada"-properNoun-es "Anglada"-noun-fr
"Anglada"-noun-fr "Anglada"-properNoun-es
"Bravo"-properNoun-es "Bravo"-noun-fr
"Bravo"-noun-fr "Bravo"-properNoun-es
"Silva"-properNoun-es "Silva"-noun-fr
"Silva"-noun-fr "Silva"-properNoun-es
"Sanz"-properNoun-es "Sanz"-noun-fr
"Sanz"-noun-fr "Sanz"-properNoun-es
"Vigo"-properNoun-es "Vigo"-noun-fr
"Vigo"-noun-fr "Vigo"-properNoun-es
"Santander"-properNoun-es "Santander"-noun-fr
"Santander"-noun-fr "Santander"-properNoun-es
"Pereira"-properNoun-es "Pereira"-noun-fr
"Pereira"-noun-fr "Pereira"-properNoun-es
"Prat"-properNoun-es "Prat"-noun-fr
"Prat"-noun-fr "Prat"-properNoun-es
"Prieto"-properNoun-es "Prieto"-noun-fr
"Prieto"-noun-fr "Prieto"-properNoun-es
"Hidalgo"-properNoun-es "Hidalgo"-noun-fr
"Hidalgo"-noun-fr "Hidalgo"-properNoun-es
"Millán"-properNoun-es "Millán"-noun-fr
"Millán"-noun-fr "Millán"-properNoun-es
"Colomer"-properNoun-es "Colomer"-noun-fr
"Colomer"-noun-fr "Colomer"-properNoun-es
"Becerril"-properNoun-es "Becerril"-noun-fr
"Becerril"-noun-fr "Becerril"-properNoun-es
"Salgado"-properNoun-es "Salgado"-noun-fr
"Salgado"-noun-fr "Salgado"-properNoun-es
"Nadal"-properNoun-es "Nadal"-noun-fr
"Nadal"-noun-fr "Nadal"-properNoun-es
"Llorente"-properNoun-es "Llorente"-noun-fr
"Llorente"-noun-fr "Llorente"-properNoun-es
"Bardem"-properNoun-es "Bardem"-noun-fr
"Bardem"-noun-fr "Bardem"-properNoun-es
"Rossi"-properNoun-es "Rossi"-noun-fr
"Rossi"-noun-fr "Rossi"-properNoun-es
"Montilla"-properNoun-es "Montilla"-noun-fr
"Montilla"-noun-fr "Montilla"-properNoun-es
"veto"-noun-es "véto"-noun-fr
"véto"-noun-fr "veto"-noun-es
"Ripoll"-properNoun-es "Ripoll"-noun-fr
"Ripoll"-noun-fr "Ripoll"-properNoun-es
"Medina"-properNoun-es "Medina"-noun-fr
"Medina"-properNoun-es "Medina"-properNoun-fr
"Medina"-noun-fr "Medina"-properNoun-es
"Medina"-properNoun-fr "Medina"-properNoun-es
"Girona"-noun-fr "Girona"-properNoun-es
"Girona"-noun-fr "Gerona"-properNoun-es
"Girona"-properNoun-es "Girona"-noun-fr
"Girona"-properNoun-es "Girona"-properNoun-fr
"Gerona"-properNoun-es "Girona"-noun-fr
"Gerona"-properNoun-es "Girona"-properNoun-fr
"Girona"-properNoun-fr "Girona"-properNoun-es
"Girona"-properNoun-fr "Gerona"-properNoun-es
"Hollande"-noun-fr "Holanda"-properNoun-es
"Holanda"-properNoun-es "Hollande"-noun-fr
"Marseille"-noun-fr "Marsella"-properNoun-es
"Marsella"-properNoun-es "Marseille"-noun-fr
"Montserrat"-properNoun-es "Montserrat"-noun-fr
"Montserrat"-noun-fr "Montserrat"-properNoun-es
"Múrcia"-properNoun-fr "Murcia"-properNoun-es
"Murcia"-properNoun-es "Múrcia"-properNoun-fr
"Murcia"-properNoun-es "Múrcia"-noun-fr
"Murcia"-properNoun-es "Murcia"-noun-fr
"Múrcia"-noun-fr "Murcia"-properNoun-es
"Murcia"-noun-fr "Murcia"-properNoun-es
"Paco"-properNoun-es "Paco"-noun-fr
"Paco"-noun-fr "Paco"-properNoun-es
"Pasqual"-properNoun-es "Pasqual"-noun-fr
"Pasqual"-noun-fr "Pasqual"-properNoun-es
"Sabadell"-properNoun-es "Sabadell"-noun-fr
"Sabadell"-noun-fr "Sabadell"-properNoun-es
"Tarragona"-properNoun-es "Tarragona"-noun-fr
"Tarragona"-properNoun-es "Tarragona"-properNoun-fr
"Tarragona"-noun-fr "Tarragona"-properNoun-es
"Tarragona"-properNoun-fr "Tarragona"-properNoun-es
"Américain"-noun-fr "americano"-noun-es
"americano"-noun-es "Américain"-noun-fr
"Romano"-properNoun-es "Romano"-noun-fr
"Romano"-noun-fr "Romano"-properNoun-es
"hormiga"-noun-es "formica"-noun-fr
"formica"-noun-fr "hormiga"-noun-es
"biólogo"-noun-es "biologue"-noun-fr
"biologue"-noun-fr "biólogo"-noun-es
"saignement"-noun-fr "hemorragia"-noun-es
"hemorragia"-noun-es "saignement"-noun-fr
"bacalao"-noun-es "cabillaud"-noun-fr
"cabillaud"-noun-fr "bacalao"-noun-es
"duende"-noun-es "farfadet"-noun-fr
"farfadet"-noun-fr "duende"-noun-es
"beso"-noun-es "bise"-noun-fr
"bise"-noun-fr "beso"-noun-es
"península"-noun-es "presqu'île"-noun-fr
"presqu'île"-noun-fr "península"-noun-es
"sardina"-noun-es "pilchard"-noun-fr
"pilchard"-noun-fr "sardina"-noun-es
"ladrón"-noun-es "cambrioleur"-noun-fr
"cambrioleur"-noun-fr "ladrón"-noun-es
"israelí"-noun-es "Israélien"-noun-fr
"Israélien"-noun-fr "israelí"-noun-es
"Canarien"-noun-fr "canario"-noun-es
"canario"-noun-es "Canarien"-noun-fr
"Chilien"-noun-fr "chileno"-noun-es
"chileno"-noun-es "Chilien"-noun-fr
"Indien"-noun-fr "indio"-noun-es
"indio"-noun-es "Indien"-noun-fr
"Libanais"-noun-fr "libanés"-noun-es
"libanés"-noun-es "Libanais"-noun-fr
"operativo"-adjective-es "opératif"-adjective-fr
"opératif"-adjective-fr "operativo"-adjective-es
"Sevilla"-properNoun-es "Sevilla"-noun-fr
"Sevilla"-properNoun-es "Sevilla"-properNoun-fr
"Sevilla"-noun-fr "Sevilla"-properNoun-es
"Sevilla"-properNoun-fr "Sevilla"-properNoun-es
"adelgazar"-verb-es "maigrir"-verb-fr
"maigrir"-verb-fr "adelgazar"-verb-es
"Abascal"-properNoun-es "Abascal"-noun-fr
"Abascal"-noun-fr "Abascal"-properNoun-es
"Almunia"-properNoun-es "Almunia"-noun-fr
"Almunia"-noun-fr "Almunia"-properNoun-es
"Abellán"-properNoun-es "Abellán"-noun-fr
"Abellán"-noun-fr "Abellán"-properNoun-es
"Acebes"-properNoun-es "Acebes"-noun-fr
"Acebes"-noun-fr "Acebes"-properNoun-es
"Acebo"-properNoun-es "Acebo"-noun-fr
"Acebo"-noun-fr "Acebo"-properNoun-es
"Alcaraz"-properNoun-es "Alcaraz"-noun-fr
"Alcaraz"-noun-fr "Alcaraz"-properNoun-es
"Acosta"-properNoun-es "Acosta"-noun-fr
"Acosta"-noun-fr "Acosta"-properNoun-es
"Aguirre"-properNoun-es "Aguirre"-noun-fr
"Aguirre"-noun-fr "Aguirre"-properNoun-es
"Aguado"-properNoun-es "Aguado"-noun-fr
"Aguado"-noun-fr "Aguado"-properNoun-es
"Agulló"-properNoun-es "Agulló"-noun-fr
"Agulló"-noun-fr "Agulló"-properNoun-es
"Alarcón"-properNoun-es "Alarcón"-noun-fr
"Alarcón"-noun-fr "Alarcón"-properNoun-es
"Albelda"-properNoun-es "Albelda"-noun-fr
"Albelda"-noun-fr "Albelda"-properNoun-es
"Aleixandre"-properNoun-es "Aleixandre"-noun-fr
"Aleixandre"-noun-fr "Aleixandre"-properNoun-es
"Albero"-properNoun-es "Albero"-noun-fr
"Albero"-noun-fr "Albero"-properNoun-es
"Alcántara"-properNoun-es "Alcántara"-noun-fr
"Alcántara"-noun-fr "Alcántara"-properNoun-es
"Albiol"-properNoun-es "Albiol"-noun-fr
"Albiol"-noun-fr "Albiol"-properNoun-es
"Alfaro"-properNoun-es "Alfaro"-noun-fr
"Alfaro"-noun-fr "Alfaro"-properNoun-es
"Algarra"-properNoun-es "Algarra"-noun-fr
"Algarra"-noun-fr "Algarra"-properNoun-es
"Almodóvar"-properNoun-es "Almodóvar"-noun-fr
"Almodóvar"-noun-fr "Almodóvar"-properNoun-es
"Cruise"-properNoun-es "Cruise"-noun-fr
"Cruise"-noun-fr "Cruise"-properNoun-es
"Disney"-properNoun-es "Disney"-noun-fr
"Disney"-noun-fr "Disney"-properNoun-es
"Eastwood"-properNoun-es "Eastwood"-noun-fr
"Eastwood"-noun-fr "Eastwood"-properNoun-es
"Johansson"-properNoun-es "Johansson"-noun-fr
"Johansson"-noun-fr "Johansson"-properNoun-es
"Lenin"-properNoun-es "Lenin"-properNoun-fr
"Lenin"-properNoun-es "Lénine"-noun-fr
"Lenin"-properNoun-es "Lenin"-noun-fr
"Lenin"-properNoun-fr "Lenin"-properNoun-es
"Lénine"-noun-fr "Lenin"-properNoun-es
"Lenin"-noun-fr "Lenin"-properNoun-es
"Nobel"-noun-fr "Nobel"-properNoun-es
"Nobel"-properNoun-es "Nobel"-noun-fr
"Schumacher"-properNoun-es "Schumacher"-noun-fr
"Schumacher"-noun-fr "Schumacher"-properNoun-es
"Aguilera"-properNoun-es "Aguilera"-noun-fr
"Aguilera"-noun-fr "Aguilera"-properNoun-es
"Tarantino"-properNoun-es "Tarantino"-noun-fr
"Tarantino"-noun-fr "Tarantino"-properNoun-es
"Arafat"-properNoun-es "Arafat"-noun-fr
"Arafat"-noun-fr "Arafat"-properNoun-es
"Kidman"-properNoun-es "Kidman"-noun-fr
"Kidman"-noun-fr "Kidman"-properNoun-es
"Marchena"-properNoun-es "Marchena"-noun-fr
"Marchena"-noun-fr "Marchena"-properNoun-es
"Aznar"-properNoun-es "Aznar"-noun-fr
"Aznar"-noun-fr "Aznar"-properNoun-es
"Gore"-properNoun-es "Gore"-noun-fr
"Gore"-noun-fr "Gore"-properNoun-es
"Rubalcaba"-properNoun-es "Rubalcaba"-noun-fr
"Rubalcaba"-noun-fr "Rubalcaba"-properNoun-es
"Atutxa"-properNoun-es "Atutxa"-noun-fr
"Atutxa"-noun-fr "Atutxa"-properNoun-es
"Bilbao"-properNoun-es "Bilbao"-noun-fr
"Bilbao"-noun-fr "Bilbao"-properNoun-es
"Castro"-properNoun-es "Castro"-noun-fr
"Castro"-noun-fr "Castro"-properNoun-es
"Hussein"-properNoun-es "Hussein"-noun-fr
"Hussein"-noun-fr "Hussein"-properNoun-es
"Ibarretxe"-properNoun-es "Ibarretxe"-noun-fr
"Ibarretxe"-noun-fr "Ibarretxe"-properNoun-es
"Martinez"-properNoun-es "Martinez"-noun-fr
"Martinez"-noun-fr "Martinez"-properNoun-es
"Otegi"-properNoun-es "Otegi"-noun-fr
"Otegi"-noun-fr "Otegi"-properNoun-es
"Sáez"-properNoun-es "Sáez"-noun-fr
"Sáez"-noun-fr "Sáez"-properNoun-es
"Bush"-properNoun-es "Bush"-noun-fr
"Bush"-noun-fr "Bush"-properNoun-es
"Barroso"-properNoun-es "Barroso"-noun-fr
"Barroso"-noun-fr "Barroso"-properNoun-es
"Michel"-properNoun-es "Michel"-noun-fr
"Michel"-noun-fr "Michel"-properNoun-es
"Milosevic"-properNoun-es "Milosevic"-noun-fr
"Milosevic"-noun-fr "Milosevic"-properNoun-es
"Armstrong"-properNoun-es "Armstrong"-noun-fr
"Armstrong"-noun-fr "Armstrong"-properNoun-es
"Colom"-properNoun-es "Colom"-noun-fr
"Colom"-noun-fr "Colom"-properNoun-es
"Coloma"-properNoun-es "Coloma"-noun-fr
"Coloma"-noun-fr "Coloma"-properNoun-es
"Díaz"-properNoun-es "Díaz"-noun-fr
"Díaz"-noun-fr "Díaz"-properNoun-es
"Díez"-properNoun-es "Díez"-noun-fr
"Díez"-noun-fr "Díez"-properNoun-es
"Doménech"-properNoun-es "Doménech"-noun-fr
"Doménech"-noun-fr "Doménech"-properNoun-es
"Domínguez"-properNoun-es "Domínguez"-noun-fr
"Domínguez"-noun-fr "Domínguez"-properNoun-es
"Durán"-properNoun-es "Durán"-noun-fr
"Durán"-noun-fr "Durán"-properNoun-es
"Estévez"-properNoun-es "Estévez"-noun-fr
"Estévez"-noun-fr "Estévez"-properNoun-es
"Gálvez"-properNoun-es "Gálvez"-noun-fr
"Gálvez"-noun-fr "Gálvez"-properNoun-es
"Giménez"-properNoun-es "Giménez"-noun-fr
"Giménez"-noun-fr "Giménez"-properNoun-es
"Gómez"-properNoun-es "Gómez"-noun-fr
"Gómez"-noun-fr "Gómez"-properNoun-es
"Gutiérrez"-properNoun-es "Gutiérrez"-noun-fr
"Gutiérrez"-noun-fr "Gutiérrez"-properNoun-es
"Heras"-properNoun-es "Heras"-noun-fr
"Heras"-noun-fr "Heras"-properNoun-es
"Hernández"-properNoun-es "Hernández"-noun-fr
"Hernández"-noun-fr "Hernández"-properNoun-es
"Ibáñez"-properNoun-es "Ibáñez"-noun-fr
"Ibáñez"-noun-fr "Ibáñez"-properNoun-es
"Jiménez"-properNoun-es "Jiménez"-noun-fr
"Jiménez"-noun-fr "Jiménez"-properNoun-es
"Méndez"-properNoun-es "Méndez"-noun-fr
"Méndez"-noun-fr "Méndez"-properNoun-es
"Menéndez"-properNoun-es "Menéndez"-noun-fr
"Menéndez"-noun-fr "Menéndez"-properNoun-es
"Mozart"-properNoun-es "Mozart"-noun-fr
"Mozart"-noun-fr "Mozart"-properNoun-es
"Olivares"-properNoun-es "Olivares"-noun-fr
"Olivares"-noun-fr "Olivares"-properNoun-es
"Olivier"-properNoun-es "Olivier"-noun-fr
"Olivier"-noun-fr "Olivier"-properNoun-es
"Ortiz"-properNoun-es "Ortiz"-noun-fr
"Ortiz"-noun-fr "Ortiz"-properNoun-es
"Picasso"-properNoun-es "Picasso"-noun-fr
"Picasso"-noun-fr "Picasso"-properNoun-es
"Potter"-properNoun-es "Potter"-noun-fr
"Potter"-noun-fr "Potter"-properNoun-es
"Putin"-properNoun-es "Poutine"-noun-fr
"Putin"-properNoun-es "Putin"-noun-fr
"Poutine"-noun-fr "Putin"-properNoun-es
"Putin"-noun-fr "Putin"-properNoun-es
"Ramírez"-properNoun-es "Ramírez"-noun-fr
"Ramírez"-noun-fr "Ramírez"-properNoun-es
"Ratzinger"-properNoun-es "Ratzinger"-noun-fr
"Ratzinger"-noun-fr "Ratzinger"-properNoun-es
"Sánchez"-properNoun-es "Sánchez"-noun-fr
"Sánchez"-noun-fr "Sánchez"-properNoun-es
"Schröder"-properNoun-es "Schröder"-noun-fr
"Schröder"-noun-fr "Schröder"-properNoun-es
"Scorsese"-properNoun-es "Scorsese"-noun-fr
"Scorsese"-noun-fr "Scorsese"-properNoun-es
"Shakespeare"-properNoun-es "Shakespeare"-noun-fr
"Shakespeare"-noun-fr "Shakespeare"-properNoun-es
"Suárez"-properNoun-es "Suárez"-noun-fr
"Suárez"-noun-fr "Suárez"-properNoun-es
"Voltaire"-properNoun-es "Voltaire"-noun-fr
"Voltaire"-noun-fr "Voltaire"-properNoun-es
"Wilde"-properNoun-es "Wilde"-noun-fr
"Wilde"-noun-fr "Wilde"-properNoun-es
"Clinton"-properNoun-es "Clinton"-noun-fr
"Clinton"-noun-fr "Clinton"-properNoun-es
"Fernández"-properNoun-es "Fernández"-noun-fr
"Fernández"-noun-fr "Fernández"-properNoun-es
"Franco"-properNoun-es "Franco"-noun-fr
"Franco"-noun-fr "Franco"-properNoun-es
"Garcia"-properNoun-es "Garcia"-noun-fr
"Garcia"-noun-fr "Garcia"-properNoun-es
"García"-properNoun-es "García"-noun-fr
"García"-noun-fr "García"-properNoun-es
"González"-properNoun-es "González"-noun-fr
"González"-noun-fr "González"-properNoun-es
"Kennedy"-properNoun-es "Kennedy"-noun-fr
"Kennedy"-noun-fr "Kennedy"-properNoun-es
"López"-properNoun-es "López"-noun-fr
"López"-noun-fr "López"-properNoun-es
"Maragall"-properNoun-es "Maragall"-noun-fr
"Maragall"-noun-fr "Maragall"-properNoun-es
"Montesinos"-properNoun-es "Montesinos"-noun-fr
"Montesinos"-noun-fr "Montesinos"-properNoun-es
"Obama"-properNoun-es "Obama"-noun-fr
"Obama"-noun-fr "Obama"-properNoun-es
"Pujol"-properNoun-es "Pujol"-noun-fr
"Pujol"-noun-fr "Pujol"-properNoun-es
"Zapatero"-properNoun-es "Zapatero"-noun-fr
"Zapatero"-noun-fr "Zapatero"-properNoun-es
"Pérez"-properNoun-es "Pérez"-noun-fr
"Pérez"-noun-fr "Pérez"-properNoun-es
"Rodríguez"-properNoun-es "Rodríguez"-noun-fr
"Rodríguez"-noun-fr "Rodríguez"-properNoun-es
"Ruiz"-properNoun-es "Ruiz"-noun-fr
"Ruiz"-noun-fr "Ruiz"-properNoun-es
"Hitler"-properNoun-es "Hitler"-noun-fr
"Hitler"-noun-fr "Hitler"-properNoun-es
"Ferrari"-properNoun-es "Ferrari"-noun-fr
"Ferrari"-noun-fr "Ferrari"-properNoun-es
"Forcada"-properNoun-es "Forcada"-noun-fr
"Forcada"-noun-fr "Forcada"-properNoun-es
"Ford"-properNoun-es "Ford"-noun-fr
"Ford"-noun-fr "Ford"-properNoun-es
"Gates"-properNoun-es "Gates"-noun-fr
"Gates"-noun-fr "Gates"-properNoun-es
"Marx"-properNoun-es "Marx"-noun-fr
"Marx"-noun-fr "Marx"-properNoun-es
"Balboa"-properNoun-es "Balboa"-noun-fr
"Balboa"-noun-fr "Balboa"-properNoun-es
"Calderón"-properNoun-es "Calderón"-noun-fr
"Calderón"-noun-fr "Calderón"-properNoun-es
"Márquez"-properNoun-es "Márquez"-noun-fr
"Márquez"-noun-fr "Márquez"-properNoun-es
"Robledo"-properNoun-es "Robledo"-noun-fr
"Robledo"-noun-fr "Robledo"-properNoun-es
"Merino"-properNoun-es "Merino"-noun-fr
"Merino"-noun-fr "Merino"-properNoun-es
"Osuna"-properNoun-es "Osuna"-noun-fr
"Osuna"-noun-fr "Osuna"-properNoun-es
"Núñez"-properNoun-es "Núñez"-noun-fr
"Núñez"-noun-fr "Núñez"-properNoun-es
"Abad"-properNoun-es "Abad"-noun-fr
"Abad"-noun-fr "Abad"-properNoun-es
"Martínez"-properNoun-es "Martínez"-noun-fr
"Martínez"-noun-fr "Martínez"-properNoun-es
"Alonso"-properNoun-es "Alonso"-noun-fr
"Alonso"-noun-fr "Alonso"-properNoun-es
"Aranda"-properNoun-es "Aranda"-noun-fr
"Aranda"-noun-fr "Aranda"-properNoun-es
"Arce"-properNoun-es "Arce"-noun-fr
"Arce"-noun-fr "Arce"-properNoun-es
"Arjona"-properNoun-es "Arjona"-noun-fr
"Arjona"-noun-fr "Arjona"-properNoun-es
"Artigas"-properNoun-es "Artigas"-noun-fr
"Artigas"-noun-fr "Artigas"-properNoun-es
"Arévalo"-properNoun-es "Arévalo"-noun-fr
"Arévalo"-noun-fr "Arévalo"-properNoun-es
"Aura"-properNoun-es "Aura"-noun-fr
"Aura"-noun-fr "Aura"-properNoun-es
"Baeza"-properNoun-es "Baeza"-noun-fr
"Baeza"-noun-fr "Baeza"-properNoun-es
"Belinchón"-properNoun-es "Belinchón"-noun-fr
"Belinchón"-noun-fr "Belinchón"-properNoun-es
"Berlanga"-properNoun-es "Berlanga"-noun-fr
"Berlanga"-noun-fr "Berlanga"-properNoun-es
"Bobadilla"-properNoun-es "Bobadilla"-noun-fr
"Bobadilla"-noun-fr "Bobadilla"-properNoun-es
"Bosco"-properNoun-es "Bosco"-noun-fr
"Bosco"-noun-fr "Bosco"-properNoun-es
"Cano"-properNoun-es "Cano"-noun-fr
"Cano"-noun-fr "Cano"-properNoun-es
"Carballo"-properNoun-es "Carballo"-noun-fr
"Carballo"-noun-fr "Carballo"-properNoun-es
"Carmona"-properNoun-es "Carmona"-noun-fr
"Carmona"-noun-fr "Carmona"-properNoun-es
"Carrillo"-properNoun-es "Carrillo"-noun-fr
"Carrillo"-noun-fr "Carrillo"-properNoun-es
"Casanova"-properNoun-es "Casanova"-noun-fr
"Casanova"-noun-fr "Casanova"-properNoun-es
"Cervantes"-properNoun-es "Cervantes"-noun-fr
"Cervantes"-noun-fr "Cervantes"-properNoun-es
"Chamorro"-properNoun-es "Chamorro"-noun-fr
"Chamorro"-noun-fr "Chamorro"-properNoun-es
"Checa"-properNoun-es "Checa"-noun-fr
"Checa"-noun-fr "Checa"-properNoun-es
"Chirac"-properNoun-es "Chirac"-noun-fr
"Chirac"-noun-fr "Chirac"-properNoun-es
"Cid"-properNoun-es "Cid"-noun-fr
"Cid"-noun-fr "Cid"-properNoun-es
"Cisneros"-properNoun-es "Cisneros"-noun-fr
"Cisneros"-noun-fr "Cisneros"-properNoun-es
"Contreras"-properNoun-es "Contreras"-noun-fr
"Contreras"-noun-fr "Contreras"-properNoun-es
"Dalí"-properNoun-es "Dalí"-noun-fr
"Dalí"-noun-fr "Dalí"-properNoun-es
"Ferreira"-properNoun-es "Ferreira"-noun-fr
"Ferreira"-noun-fr "Ferreira"-properNoun-es
"Ferrero"-properNoun-es "Ferrero"-noun-fr
"Ferrero"-noun-fr "Ferrero"-properNoun-es
"Gascón"-properNoun-es "Gascón"-noun-fr
"Gascón"-noun-fr "Gascón"-properNoun-es
"Gaudí"-properNoun-es "Gaudí"-noun-fr
"Gaudí"-noun-fr "Gaudí"-properNoun-es
"Goya"-properNoun-es "Goya"-noun-fr
"Goya"-noun-fr "Goya"-properNoun-es
"Indurain"-properNoun-es "Indurain"-noun-fr
"Indurain"-noun-fr "Indurain"-properNoun-es
"Jara"-properNoun-es "Jara"-noun-fr
"Jara"-noun-fr "Jara"-properNoun-es
"Juárez"-properNoun-es "Juárez"-noun-fr
"Juárez"-noun-fr "Juárez"-properNoun-es
"Lafuente"-properNoun-es "Lafuente"-noun-fr
"Lafuente"-noun-fr "Lafuente"-properNoun-es
"Lozoya"-properNoun-es "Lozoya"-noun-fr
"Lozoya"-noun-fr "Lozoya"-properNoun-es
"Milá"-properNoun-es "Milá"-noun-fr
"Milá"-noun-fr "Milá"-properNoun-es
"Miranda"-properNoun-es "Miranda"-noun-fr
"Miranda"-noun-fr "Miranda"-properNoun-es
"Moratinos"-properNoun-es "Moratinos"-noun-fr
"Moratinos"-noun-fr "Moratinos"-properNoun-es
"Moya"-properNoun-es "Moya"-noun-fr
"Moya"-noun-fr "Moya"-properNoun-es
"Moyá"-properNoun-es "Moyá"-noun-fr
"Moyá"-noun-fr "Moyá"-properNoun-es
"Murillo"-properNoun-es "Murillo"-noun-fr
"Murillo"-noun-fr "Murillo"-properNoun-es
"Muñoz"-properNoun-es "Muñoz"-noun-fr
"Muñoz"-noun-fr "Muñoz"-properNoun-es
"Orozco"-properNoun-es "Orozco"-noun-fr
"Orozco"-noun-fr "Orozco"-properNoun-es
"Otero"-properNoun-es "Otero"-noun-fr
"Otero"-noun-fr "Otero"-properNoun-es
"Pinochet"-properNoun-es "Pinochet"-noun-fr
"Pinochet"-noun-fr "Pinochet"-properNoun-es
"Pizarro"-properNoun-es "Pizarro"-noun-fr
"Pizarro"-noun-fr "Pizarro"-properNoun-es
"Poveda"-properNoun-es "Poveda"-noun-fr
"Poveda"-noun-fr "Poveda"-properNoun-es
"Riquelme"-properNoun-es "Riquelme"-noun-fr
"Riquelme"-noun-fr "Riquelme"-properNoun-es
"Rodrigo"-properNoun-es "Rodrigo"-noun-fr
"Rodrigo"-noun-fr "Rodrigo"-properNoun-es
"Roldán"-properNoun-es "Roldán"-noun-fr
"Roldán"-noun-fr "Roldán"-properNoun-es
"Rosell"-properNoun-es "Rosell"-noun-fr
"Rosell"-properNoun-es "Rosell"-properNoun-fr
"Rosell"-noun-fr "Rosell"-properNoun-es
"Rosell"-properNoun-fr "Rosell"-properNoun-es
"Serrat"-properNoun-es "Serrat"-noun-fr
"Serrat"-noun-fr "Serrat"-properNoun-es
"Sotomayor"-properNoun-es "Sotomayor"-noun-fr
"Sotomayor"-noun-fr "Sotomayor"-properNoun-es
"Tejero"-properNoun-es "Tejero"-noun-fr
"Tejero"-noun-fr "Tejero"-properNoun-es
"Tito"-properNoun-es "Tito"-noun-fr
"Tito"-noun-fr "Tito"-properNoun-es
"Valdés"-properNoun-es "Valdés"-noun-fr
"Valdés"-noun-fr "Valdés"-properNoun-es
"Valero"-properNoun-es "Valero"-noun-fr
"Valero"-noun-fr "Valero"-properNoun-es
"Vargas"-properNoun-es "Vargas"-noun-fr
"Vargas"-noun-fr "Vargas"-properNoun-es
"Vasallo"-properNoun-es "Vasallo"-noun-fr
"Vasallo"-noun-fr "Vasallo"-properNoun-es
"Velázquez"-properNoun-es "Velázquez"-noun-fr
"Velázquez"-noun-fr "Velázquez"-properNoun-es
"Vergara"-properNoun-es "Vergara"-noun-fr
"Vergara"-noun-fr "Vergara"-properNoun-es
"Zidane"-properNoun-es "Zidane"-noun-fr
"Zidane"-noun-fr "Zidane"-properNoun-es
"Zurbarán"-properNoun-es "Zurbarán"-noun-fr
"Zurbarán"-noun-fr "Zurbarán"-properNoun-es
"Soria"-properNoun-es "Soria"-noun-fr
"Soria"-noun-fr "Soria"-properNoun-es
"Serra"-properNoun-es "Serra"-noun-fr
"Serra"-noun-fr "Serra"-properNoun-es
"Reig"-properNoun-es "Reig"-noun-fr
"Reig"-noun-fr "Reig"-properNoun-es
"Herrera"-properNoun-es "Herrera"-noun-fr
"Herrera"-noun-fr "Herrera"-properNoun-es
"Lozano"-properNoun-es "Lozano"-noun-fr
"Lozano"-noun-fr "Lozano"-properNoun-es
"Pacheco"-properNoun-es "Pacheco"-noun-fr
"Pacheco"-noun-fr "Pacheco"-properNoun-es
"Cobos"-properNoun-es "Cobos"-noun-fr
"Cobos"-noun-fr "Cobos"-properNoun-es
"Galván"-properNoun-es "Galván"-noun-fr
"Galván"-noun-fr "Galván"-properNoun-es
"Gimeno"-properNoun-es "Gimeno"-noun-fr
"Gimeno"-noun-fr "Gimeno"-properNoun-es
"Mendoza"-properNoun-es "Mendoza"-noun-fr
"Mendoza"-noun-fr "Mendoza"-properNoun-es
"Molina"-properNoun-es "Molina"-noun-fr
"Molina"-noun-fr "Molina"-properNoun-es
"Cabrera"-properNoun-es "Cabrera"-noun-fr
"Cabrera"-noun-fr "Cabrera"-properNoun-es
"Tolosa"-properNoun-es "Toulouse"-noun-fr
"Tolosa"-properNoun-es "Tolosa"-noun-fr
"Toulouse"-noun-fr "Tolosa"-properNoun-es
"Tolosa"-noun-fr "Tolosa"-properNoun-es
"Chacón"-properNoun-es "Chacón"-noun-fr
"Chacón"-noun-fr "Chacón"-properNoun-es
"Coll"-properNoun-es "Coll"-noun-fr
"Coll"-noun-fr "Coll"-properNoun-es
"Santamaría"-properNoun-es "Santamaría"-noun-fr
"Santamaría"-noun-fr "Santamaría"-properNoun-es
"Toledo"-properNoun-es "Toledo"-noun-fr
"Toledo"-properNoun-es "Toledo"-properNoun-fr
"Toledo"-noun-fr "Toledo"-properNoun-es
"Toledo"-properNoun-fr "Toledo"-properNoun-es
"Centelles"-properNoun-es "Centelles"-noun-fr
"Centelles"-noun-fr "Centelles"-properNoun-es
"Mateos"-properNoun-es "Mateos"-noun-fr
"Mateos"-noun-fr "Mateos"-properNoun-es
"Montes"-properNoun-es "Montes"-noun-fr
"Montes"-noun-fr "Montes"-properNoun-es
"Marín"-properNoun-es "Marín"-noun-fr
"Marín"-noun-fr "Marín"-properNoun-es
"Martorell"-properNoun-es "Martorell"-noun-fr
"Martorell"-noun-fr "Martorell"-properNoun-es
"Álvarez"-properNoun-es "Álvarez"-noun-fr
"Álvarez"-noun-fr "Álvarez"-properNoun-es
"Guillén"-properNoun-es "Guillén"-noun-fr
"Guillén"-noun-fr "Guillén"-properNoun-es
"Cuevas"-properNoun-es "Cuevas"-noun-fr
"Cuevas"-noun-fr "Cuevas"-properNoun-es
"Salamanca"-properNoun-es "Salamanca"-noun-fr
"Salamanca"-properNoun-es "Salamanca"-properNoun-fr
"Salamanca"-noun-fr "Salamanca"-properNoun-es
"Salamanca"-properNoun-fr "Salamanca"-properNoun-es
"Rivera"-properNoun-es "Rivera"-noun-fr
"Rivera"-noun-fr "Rivera"-properNoun-es
"Maroto"-properNoun-es "Maroto"-noun-fr
"Maroto"-noun-fr "Maroto"-properNoun-es
"Chávez"-properNoun-es "Chávez"-noun-fr
"Chávez"-noun-fr "Chávez"-properNoun-es
"Guerrero"-properNoun-es "Guerrero"-noun-fr
"Guerrero"-noun-fr "Guerrero"-properNoun-es
"Fox"-properNoun-es "Fox"-noun-fr
"Fox"-noun-fr "Fox"-properNoun-es
"Espinosa"-properNoun-es "Espinosa"-noun-fr
"Espinosa"-noun-fr "Espinosa"-properNoun-es
"Saavedra"-properNoun-es "Saavedra"-noun-fr
"Saavedra"-noun-fr "Saavedra"-properNoun-es
"Panza"-properNoun-es "Panza"-noun-fr
"Panza"-noun-fr "Panza"-properNoun-es
"Vega"-properNoun-es "Vega"-noun-fr
"Vega"-noun-fr "Vega"-properNoun-es
"Montero"-properNoun-es "Montero"-noun-fr
"Montero"-noun-fr "Montero"-properNoun-es
"Quintana"-properNoun-es "Quintana"-noun-fr
"Quintana"-noun-fr "Quintana"-properNoun-es
"Puig"-properNoun-es "Puig"-noun-fr
"Puig"-noun-fr "Puig"-properNoun-es
"Loyola"-properNoun-es "Loyola"-noun-fr
"Loyola"-noun-fr "Loyola"-properNoun-es
"Albacete"-properNoun-es "Albacete"-noun-fr
"Albacete"-noun-fr "Albacete"-properNoun-es
"Caparrós"-properNoun-es "Caparrós"-noun-fr
"Caparrós"-noun-fr "Caparrós"-properNoun-es
"Navarro"-properNoun-es "Navarro"-noun-fr
"Navarro"-noun-fr "Navarro"-properNoun-es
"Alcalá"-properNoun-es "Alcalá"-noun-fr
"Alcalá"-noun-fr "Alcalá"-properNoun-es
"Colón"-properNoun-es "Colón"-noun-fr
"Colón"-noun-fr "Colón"-properNoun-es
"Messi"-properNoun-es "Messi"-noun-fr
"Messi"-noun-fr "Messi"-properNoun-es
"Iniesta"-properNoun-es "Iniesta"-noun-fr
"Iniesta"-noun-fr "Iniesta"-properNoun-es
"Pamplona"-properNoun-es "Pamplona"-noun-fr
"Pamplona"-properNoun-es "Pamplona"-properNoun-fr
"Pamplona"-noun-fr "Pamplona"-properNoun-es
"Pamplona"-properNoun-fr "Pamplona"-properNoun-es
"Rajoy"-properNoun-es "Rajoy"-noun-fr
"Rajoy"-noun-fr "Rajoy"-properNoun-es
"tortilla"-noun-es "truite"-noun-fr
"truite"-noun-fr "tortilla"-noun-es
"Merkel"-properNoun-es "Merkel"-noun-fr
"Merkel"-noun-fr "Merkel"-properNoun-es
"Bosch"-properNoun-es "Bosch"-noun-fr
"Bosch"-noun-fr "Bosch"-properNoun-es
"Cisco"-properNoun-es "Cisco"-noun-fr
"Cisco"-noun-fr "Cisco"-properNoun-es
"Ocaña"-properNoun-es "Ocaña"-noun-fr
"Ocaña"-noun-fr "Ocaña"-properNoun-es
"Spencer"-properNoun-es "Spencer"-noun-fr
"Spencer"-noun-fr "Spencer"-properNoun-es
"Reguant"-properNoun-es "Reguant"-noun-fr
"Reguant"-noun-fr "Reguant"-properNoun-es
"Larrinaga"-properNoun-es "Larrinaga"-noun-fr
"Larrinaga"-noun-fr "Larrinaga"-properNoun-es
"Cartagena"-properNoun-es "Cartagena"-noun-fr
"Cartagena"-noun-fr "Cartagena"-properNoun-es
"Marquina"-properNoun-es "Marquina"-noun-fr
"Marquina"-noun-fr "Marquina"-properNoun-es
"Asensio"-properNoun-es "Asensio"-noun-fr
"Asensio"-noun-fr "Asensio"-properNoun-es
"Calonge"-properNoun-es "Calonge"-noun-fr
"Calonge"-noun-fr "Calonge"-properNoun-es
"Ibarra"-properNoun-es "Ibarra"-noun-fr
"Ibarra"-noun-fr "Ibarra"-properNoun-es
"Valverde"-properNoun-es "Valverde"-noun-fr
"Valverde"-noun-fr "Valverde"-properNoun-es
"Sanchis"-properNoun-es "Sanchis"-noun-fr
"Sanchis"-noun-fr "Sanchis"-properNoun-es
"Guijarro"-properNoun-es "Guijarro"-noun-fr
"Guijarro"-noun-fr "Guijarro"-properNoun-es
"València"-properNoun-es "Valence"-noun-fr
"València"-properNoun-es "Valencia"-properNoun-fr
"València"-properNoun-es "Valencia"-noun-fr
"València"-properNoun-es "València"-noun-fr
"València"-properNoun-es "València"-properNoun-fr
"Valence"-noun-fr "València"-properNoun-es
"Valencia"-properNoun-fr "València"-properNoun-es
"Valencia"-noun-fr "València"-properNoun-es
"València"-noun-fr "València"-properNoun-es
"València"-properNoun-fr "València"-properNoun-es
"Pardo"-properNoun-es "Pardo"-noun-fr
"Pardo"-noun-fr "Pardo"-properNoun-es
"Campos"-properNoun-es "Campos"-noun-fr
"Campos"-noun-fr "Campos"-properNoun-es
"Reus"-properNoun-es "Reus"-noun-fr
"Reus"-noun-fr "Reus"-properNoun-es
"Ponce"-properNoun-es "Ponce"-noun-fr
"Ponce"-noun-fr "Ponce"-properNoun-es
"Pons"-properNoun-es "Pons"-noun-fr
"Pons"-noun-fr "Pons"-properNoun-es
"Simón"-properNoun-es "Simón"-noun-fr
"Simón"-noun-fr "Simón"-properNoun-es
"Montalbán"-properNoun-es "Montalbán"-noun-fr
"Montalbán"-noun-fr "Montalbán"-properNoun-es
"Corominas"-properNoun-es "Corominas"-noun-fr
"Corominas"-noun-fr "Corominas"-properNoun-es
"Hervás"-properNoun-es "Hervás"-noun-fr
"Hervás"-noun-fr "Hervás"-properNoun-es
"Narváez"-properNoun-es "Narváez"-noun-fr
"Narváez"-noun-fr "Narváez"-properNoun-es
"Cela"-properNoun-es "Cela"-noun-fr
"Cela"-noun-fr "Cela"-properNoun-es
"Orihuela"-properNoun-es "Oriola"-properNoun-fr
"Orihuela"-properNoun-es "Oriola"-noun-fr
"Oriola"-properNoun-fr "Orihuela"-properNoun-es
"Oriola"-properNoun-fr "Oriola"-properNoun-es
"Oriola"-noun-fr "Orihuela"-properNoun-es
"Oriola"-noun-fr "Oriola"-properNoun-es
"Oriola"-properNoun-es "Oriola"-properNoun-fr
"Oriola"-properNoun-es "Oriola"-noun-fr
"Permach"-properNoun-es "Permach"-noun-fr
"Permach"-noun-fr "Permach"-properNoun-es
"Terry"-properNoun-es "Terry"-noun-fr
"Terry"-noun-fr "Terry"-properNoun-es
"Julián"-properNoun-es "Julián"-noun-fr
"Julián"-noun-fr "Julián"-properNoun-es
"Azorín"-properNoun-es "Azorín"-noun-fr
"Azorín"-noun-fr "Azorín"-properNoun-es
"Soto"-properNoun-es "Soto"-noun-fr
"Soto"-noun-fr "Soto"-properNoun-es
"Cremades"-properNoun-es "Cremades"-noun-fr
"Cremades"-noun-fr "Cremades"-properNoun-es
"Manrique"-properNoun-es "Manrique"-noun-fr
"Manrique"-noun-fr "Manrique"-properNoun-es
"Pellicer"-properNoun-es "Pellicer"-noun-fr
"Pellicer"-noun-fr "Pellicer"-properNoun-es
"Garzón"-properNoun-es "Garzón"-noun-fr
"Garzón"-noun-fr "Garzón"-properNoun-es
"Zamora"-properNoun-es "Zamora"-noun-fr
"Zamora"-noun-fr "Zamora"-properNoun-es
"Yuste"-properNoun-es "Yuste"-noun-fr
"Yuste"-noun-fr "Yuste"-properNoun-es
"Ribes"-properNoun-es "Ribes"-noun-fr
"Ribes"-noun-fr "Ribes"-properNoun-es
"Sainz"-properNoun-es "Sainz"-noun-fr
"Sainz"-noun-fr "Sainz"-properNoun-es
"Pineda"-properNoun-es "Pineda"-noun-fr
"Pineda"-noun-fr "Pineda"-properNoun-es
"Llobregat"-properNoun-es "Llobregat"-noun-fr
"Llobregat"-noun-fr "Llobregat"-properNoun-es
"Giner"-properNoun-es "Giner"-noun-fr
"Giner"-noun-fr "Giner"-properNoun-es
"Fuster"-properNoun-es "Fuster"-noun-fr
"Fuster"-noun-fr "Fuster"-properNoun-es
"Blasco"-properNoun-es "Blasco"-noun-fr
"Blasco"-noun-fr "Blasco"-properNoun-es
"Juliá"-properNoun-es "Juliá"-noun-fr
"Juliá"-noun-fr "Juliá"-properNoun-es
"Barceló"-properNoun-es "Barceló"-noun-fr
"Barceló"-noun-fr "Barceló"-properNoun-es
"Annan"-properNoun-es "Annan"-noun-fr
"Annan"-noun-fr "Annan"-properNoun-es
"Lafont"-properNoun-es "Lafont"-noun-fr
"Lafont"-noun-fr "Lafont"-properNoun-es
"Villalba"-properNoun-es "Villalba"-noun-fr
"Villalba"-noun-fr "Villalba"-properNoun-es
"Arteaga"-properNoun-es "Arteaga"-noun-fr
"Arteaga"-noun-fr "Arteaga"-properNoun-es
"Rubí"-properNoun-es "Rubí"-noun-fr
"Rubí"-noun-fr "Rubí"-properNoun-es
"Dominique"-noun-fr "Dominique"-properNoun-es
"Dominique"-properNoun-es "Dominique"-noun-fr
"Tárrega"-properNoun-es "Tárrega"-noun-fr
"Tárrega"-noun-fr "Tárrega"-properNoun-es
"Villena"-properNoun-es "Villena"-noun-fr
"Villena"-noun-fr "Villena"-properNoun-es
"Alperi"-properNoun-es "Alperi"-noun-fr
"Alperi"-noun-fr "Alperi"-properNoun-es
"Matías"-properNoun-es "Matías"-noun-fr
"Matías"-noun-fr "Matías"-properNoun-es
"Rossell"-properNoun-es "Rossell"-noun-fr
"Rossell"-noun-fr "Rossell"-properNoun-es
"Prodi"-properNoun-es "Prodi"-noun-fr
"Prodi"-noun-fr "Prodi"-properNoun-es
"Sebastián"-properNoun-es "Sebastián"-noun-fr
"Sebastián"-noun-fr "Sebastián"-properNoun-es
"Teodoro"-properNoun-es "Teodoro"-noun-fr
"Teodoro"-noun-fr "Teodoro"-properNoun-es
"Amaya"-properNoun-es "Amaya"-noun-fr
"Amaya"-noun-fr "Amaya"-properNoun-es
"Abel"-properNoun-es "Abel"-noun-fr
"Abel"-noun-fr "Abel"-properNoun-es
"Calero"-properNoun-es "Calero"-noun-fr
"Calero"-noun-fr "Calero"-properNoun-es
"Vélez"-properNoun-es "Vélez"-noun-fr
"Vélez"-noun-fr "Vélez"-properNoun-es
"Morán"-properNoun-es "Morán"-noun-fr
"Morán"-noun-fr "Morán"-properNoun-es
"Otxoa"-properNoun-es "Otxoa"-noun-fr
"Otxoa"-noun-fr "Otxoa"-properNoun-es
"Lorente"-properNoun-es "Lorente"-noun-fr
"Lorente"-noun-fr "Lorente"-properNoun-es
"Moll"-properNoun-es "Moll"-noun-fr
"Moll"-noun-fr "Moll"-properNoun-es
"Santana"-properNoun-es "Santana"-noun-fr
"Santana"-noun-fr "Santana"-properNoun-es
"Mataró"-properNoun-es "Mataró"-noun-fr
"Mataró"-noun-fr "Mataró"-properNoun-es
"Mohammed"-properNoun-es "Mohammed"-noun-fr
"Mohammed"-noun-fr "Mohammed"-properNoun-es
"Clos"-properNoun-es "Clos"-noun-fr
"Clos"-noun-fr "Clos"-properNoun-es
"Aroca"-properNoun-es "Aroca"-noun-fr
"Aroca"-noun-fr "Aroca"-properNoun-es
"Vladimir"-properNoun-es "Vladimir"-noun-fr
"Vladimir"-noun-fr "Vladimir"-properNoun-es
"Blas"-properNoun-es "Blas"-noun-fr
"Blas"-noun-fr "Blas"-properNoun-es
"Villepin"-properNoun-es "Villepin"-noun-fr
"Villepin"-noun-fr "Villepin"-properNoun-es
"Egea"-properNoun-es "Egea"-noun-fr
"Egea"-noun-fr "Egea"-properNoun-es
"Alzheimer"-properNoun-es "Alzheimer"-noun-fr
"Alzheimer"-noun-fr "Alzheimer"-properNoun-es
"Reyes"-properNoun-es "Reyes"-noun-fr
"Reyes"-noun-fr "Reyes"-properNoun-es
"Vidal"-properNoun-es "Vidal"-noun-fr
"Vidal"-noun-fr "Vidal"-properNoun-es
"Maya"-properNoun-es "Maya"-noun-fr
"Maya"-noun-fr "Maya"-properNoun-es
"Úbeda"-properNoun-es "Úbeda"-noun-fr
"Úbeda"-noun-fr "Úbeda"-properNoun-es
"Godoy"-properNoun-es "Godoy"-noun-fr
"Godoy"-noun-fr "Godoy"-properNoun-es
"Matthew"-properNoun-es "Matthew"-noun-fr
"Matthew"-noun-fr "Matthew"-properNoun-es
"Julià"-properNoun-es "Julià"-noun-fr
"Julià"-noun-fr "Julià"-properNoun-es
"Amenábar"-properNoun-es "Amenábar"-noun-fr
"Amenábar"-noun-fr "Amenábar"-properNoun-es
"Just"-properNoun-es "Just"-noun-fr
"Just"-noun-fr "Just"-properNoun-es
"Zanón"-properNoun-es "Zanón"-noun-fr
"Zanón"-noun-fr "Zanón"-properNoun-es
"Stuart"-properNoun-es "Stuart"-noun-fr
"Stuart"-noun-fr "Stuart"-properNoun-es
"Solana"-properNoun-es "Solana"-noun-fr
"Solana"-noun-fr "Solana"-properNoun-es
"Soriano"-properNoun-es "Soriano"-noun-fr
"Soriano"-noun-fr "Soriano"-properNoun-es
"Fortea"-properNoun-es "Fortea"-noun-fr
"Fortea"-noun-fr "Fortea"-properNoun-es
"Trias"-properNoun-es "Trias"-noun-fr
"Trias"-noun-fr "Trias"-properNoun-es
"Benítez"-properNoun-es "Benítez"-noun-fr
"Benítez"-noun-fr "Benítez"-properNoun-es
"Manresa"-properNoun-es "Manresa"-noun-fr
"Manresa"-noun-fr "Manresa"-properNoun-es
"Penedès"-properNoun-es "Penedès"-noun-fr
"Penedès"-noun-fr "Penedès"-properNoun-es
"Gadea"-properNoun-es "Gadea"-noun-fr
"Gadea"-noun-fr "Gadea"-properNoun-es
"Guzmán"-properNoun-es "Guzmán"-noun-fr
"Guzmán"-noun-fr "Guzmán"-properNoun-es
"Zurita"-properNoun-es "Zurita"-noun-fr
"Zurita"-noun-fr "Zurita"-properNoun-es
"Camacho"-properNoun-es "Camacho"-noun-fr
"Camacho"-noun-fr "Camacho"-properNoun-es
"Laso"-properNoun-es "Laso"-noun-fr
"Laso"-noun-fr "Laso"-properNoun-es
"Mas"-properNoun-es "Mas"-noun-fr
"Mas"-noun-fr "Mas"-properNoun-es
"Montiel"-properNoun-es "Montiel"-noun-fr
"Montiel"-noun-fr "Montiel"-properNoun-es
"Simó"-properNoun-es "Simó"-noun-fr
"Simó"-noun-fr "Simó"-properNoun-es
"Maldonado"-properNoun-es "Maldonado"-noun-fr
"Maldonado"-noun-fr "Maldonado"-properNoun-es
"Figueroa"-properNoun-es "Figueroa"-noun-fr
"Figueroa"-noun-fr "Figueroa"-properNoun-es
"Avilés"-properNoun-es "Avilés"-noun-fr
"Avilés"-noun-fr "Avilés"-properNoun-es
"Lee"-properNoun-es "Lee"-noun-fr
"Lee"-noun-fr "Lee"-properNoun-es
"Sinisterra"-properNoun-es "Sinisterra"-noun-fr
"Sinisterra"-noun-fr "Sinisterra"-properNoun-es
"Trujillo"-properNoun-es "Trujillo"-noun-fr
"Trujillo"-noun-fr "Trujillo"-properNoun-es
"Llull"-properNoun-es "Llull"-noun-fr
"Llull"-noun-fr "Llull"-properNoun-es
"Oporto"-properNoun-es "Porto"-noun-fr
"Porto"-noun-fr "Oporto"-properNoun-es
"Garci"-properNoun-es "Garci"-noun-fr
"Garci"-noun-fr "Garci"-properNoun-es
"Peral"-properNoun-es "Peral"-noun-fr
"Peral"-noun-fr "Peral"-properNoun-es
"Feliu"-properNoun-es "Feliu"-noun-fr
"Feliu"-noun-fr "Feliu"-properNoun-es
"Alain"-properNoun-es "Alain"-noun-fr
"Alain"-noun-fr "Alain"-properNoun-es
"Palma"-properNoun-es "Palma"-noun-fr
"Palma"-noun-fr "Palma"-properNoun-es
"Castell"-properNoun-es "Castell"-noun-fr
"Castell"-noun-fr "Castell"-properNoun-es
"Mateo"-properNoun-es "Mateo"-noun-fr
"Mateo"-noun-fr "Mateo"-properNoun-es
"Canals"-properNoun-es "Canals"-noun-fr
"Canals"-noun-fr "Canals"-properNoun-es
"Galán"-properNoun-es "Galán"-noun-fr
"Galán"-noun-fr "Galán"-properNoun-es
"Allen"-properNoun-es "Allen"-noun-fr
"Allen"-noun-fr "Allen"-properNoun-es
"Figueras"-noun-fr "Figueras"-properNoun-es
"Figueras"-noun-fr "Figueres"-properNoun-es
"Figueras"-properNoun-es "Figueras"-noun-fr
"Figueras"-properNoun-es "Figueres"-noun-fr
"Figueras"-properNoun-es "Figueres"-properNoun-fr
"Figueres"-properNoun-es "Figueras"-noun-fr
"Figueres"-properNoun-es "Figueres"-noun-fr
"Figueres"-properNoun-es "Figueres"-properNoun-fr
"Figueres"-noun-fr "Figueras"-properNoun-es
"Figueres"-noun-fr "Figueres"-properNoun-es
"Figueres"-properNoun-fr "Figueras"-properNoun-es
"Figueres"-properNoun-fr "Figueres"-properNoun-es
"Campillo"-properNoun-es "Campillo"-noun-fr
"Campillo"-noun-fr "Campillo"-properNoun-es
"Platero"-properNoun-es "Platero"-noun-fr
"Platero"-noun-fr "Platero"-properNoun-es
"Bisbal"-properNoun-es "Bisbal"-noun-fr
"Bisbal"-noun-fr "Bisbal"-properNoun-es
"Hernán"-properNoun-es "Hernán"-noun-fr
"Hernán"-noun-fr "Hernán"-properNoun-es
"Jover"-properNoun-es "Jover"-noun-fr
"Jover"-noun-fr "Jover"-properNoun-es
"Escudero"-properNoun-es "Escudero"-noun-fr
"Escudero"-noun-fr "Escudero"-properNoun-es
"Bustamante"-properNoun-es "Bustamante"-noun-fr
"Bustamante"-noun-fr "Bustamante"-properNoun-es
"Freire"-properNoun-es "Freire"-noun-fr
"Freire"-noun-fr "Freire"-properNoun-es
"Perea"-properNoun-es "Perea"-noun-fr
"Perea"-noun-fr "Perea"-properNoun-es
"Peris"-properNoun-es "Peris"-noun-fr
"Peris"-noun-fr "Peris"-properNoun-es
"Chueca"-properNoun-es "Chueca"-noun-fr
"Chueca"-noun-fr "Chueca"-properNoun-es
"Noriega"-properNoun-es "Noriega"-noun-fr
"Noriega"-noun-fr "Noriega"-properNoun-es
"Gallardón"-properNoun-es "Gallardón"-noun-fr
"Gallardón"-noun-fr "Gallardón"-properNoun-es
"Sanmartín"-properNoun-es "Sanmartín"-noun-fr
"Sanmartín"-noun-fr "Sanmartín"-properNoun-es
"Torregrosa"-properNoun-es "Torregrosa"-noun-fr
"Torregrosa"-noun-fr "Torregrosa"-properNoun-es
"Foix"-properNoun-es "Foix"-noun-fr
"Foix"-properNoun-es "Fois"-properNoun-fr
"Foix"-properNoun-es "Fois"-noun-fr
"Foix"-noun-fr "Foix"-properNoun-es
"Fois"-properNoun-fr "Foix"-properNoun-es
"Fois"-noun-fr "Foix"-properNoun-es
"Ros"-properNoun-es "Ros"-noun-fr
"Ros"-noun-fr "Ros"-properNoun-es
"Vivó"-properNoun-es "Vivó"-noun-fr
"Vivó"-noun-fr "Vivó"-properNoun-es
"Benavent"-properNoun-es "Benavent"-noun-fr
"Benavent"-noun-fr "Benavent"-properNoun-es
"Chamizo"-properNoun-es "Chamizo"-noun-fr
"Chamizo"-noun-fr "Chamizo"-properNoun-es
"Esplá"-properNoun-es "Esplá"-noun-fr
"Esplá"-noun-fr "Esplá"-properNoun-es
"Espino"-properNoun-es "Espino"-noun-fr
"Espino"-noun-fr "Espino"-properNoun-es
"Cava"-properNoun-es "Cava"-noun-fr
"Cava"-noun-fr "Cava"-properNoun-es
"Sole"-properNoun-es "Sole"-noun-fr
"Sole"-noun-fr "Sole"-properNoun-es
"Belda"-properNoun-es "Belda"-noun-fr
"Belda"-noun-fr "Belda"-properNoun-es
"Bea"-properNoun-es "Bea"-noun-fr
"Bea"-noun-fr "Bea"-properNoun-es
"Pinilla"-properNoun-es "Pinilla"-noun-fr
"Pinilla"-noun-fr "Pinilla"-properNoun-es
"Mena"-properNoun-es "Mena"-noun-fr
"Mena"-noun-fr "Mena"-properNoun-es
"Manero"-properNoun-es "Manero"-noun-fr
"Manero"-noun-fr "Manero"-properNoun-es
"Gaston"-properNoun-es "Gaston"-noun-fr
"Gaston"-noun-fr "Gaston"-properNoun-es
"Roque"-properNoun-es "Roque"-noun-fr
"Roque"-noun-fr "Roque"-properNoun-es
"Zaragozá"-properNoun-es "Zaragozá"-noun-fr
"Zaragozá"-noun-fr "Zaragozá"-properNoun-es
"Carvalho"-properNoun-es "Carvalho"-noun-fr
"Carvalho"-noun-fr "Carvalho"-properNoun-es
"Luque"-properNoun-es "Luque"-noun-fr
"Luque"-noun-fr "Luque"-properNoun-es
"Pelayo"-properNoun-es "Pelayo"-noun-fr
"Pelayo"-noun-fr "Pelayo"-properNoun-es
"Douglas"-properNoun-es "Douglas"-noun-fr
"Douglas"-noun-fr "Douglas"-properNoun-es
"Agustín"-properNoun-es "Agustín"-noun-fr
"Agustín"-noun-fr "Agustín"-properNoun-es
"Teruel"-properNoun-es "Teruel"-noun-fr
"Teruel"-noun-fr "Teruel"-properNoun-es
"Torreblanca"-properNoun-es "Torreblanca"-noun-fr
"Torreblanca"-noun-fr "Torreblanca"-properNoun-es
"Quevedo"-properNoun-es "Quevedo"-noun-fr
"Quevedo"-noun-fr "Quevedo"-properNoun-es
"Tapiador"-properNoun-es "Tapiador"-noun-fr
"Tapiador"-noun-fr "Tapiador"-properNoun-es
"Camp"-properNoun-es "Camp"-noun-fr
"Camp"-noun-fr "Camp"-properNoun-es
"Bermúdez"-properNoun-es "Bermúdez"-noun-fr
"Bermúdez"-noun-fr "Bermúdez"-properNoun-es
"Lobato"-properNoun-es "Lobato"-noun-fr
"Lobato"-noun-fr "Lobato"-properNoun-es
"Rocha"-properNoun-es "Rocha"-noun-fr
"Rocha"-noun-fr "Rocha"-properNoun-es
"Sellés"-properNoun-es "Sellés"-noun-fr
"Sellés"-noun-fr "Sellés"-properNoun-es
"Sandoval"-properNoun-es "Sandoval"-noun-fr
"Sandoval"-noun-fr "Sandoval"-properNoun-es
"Salem"-properNoun-es "Salem"-noun-fr
"Salem"-noun-fr "Salem"-properNoun-es
"Requena"-properNoun-es "Requena"-noun-fr
"Requena"-noun-fr "Requena"-properNoun-es
"Rice"-properNoun-es "Rice"-noun-fr
"Rice"-noun-fr "Rice"-properNoun-es
"Royal"-properNoun-es "Royal"-noun-fr
"Royal"-noun-fr "Royal"-properNoun-es
"Devesa"-properNoun-es "Devesa"-noun-fr
"Devesa"-noun-fr "Devesa"-properNoun-es
"Villalonga"-properNoun-es "Vilallonga"-properNoun-fr
"Villalonga"-properNoun-es "Vilallonga"-noun-fr
"Vilallonga"-properNoun-fr "Villalonga"-properNoun-es
"Vilallonga"-properNoun-fr "Vilallonga"-properNoun-es
"Vilallonga"-noun-fr "Villalonga"-properNoun-es
"Vilallonga"-noun-fr "Vilallonga"-properNoun-es
"Vilallonga"-properNoun-es "Vilallonga"-properNoun-fr
"Vilallonga"-properNoun-es "Vilallonga"-noun-fr
"Mur"-properNoun-es "Mur"-noun-fr
"Mur"-noun-fr "Mur"-properNoun-es
"Leal"-properNoun-es "Leal"-noun-fr
"Leal"-noun-fr "Leal"-properNoun-es
"Quesada"-properNoun-es "Quesada"-noun-fr
"Quesada"-noun-fr "Quesada"-properNoun-es
"Santos"-properNoun-es "Santos"-noun-fr
"Santos"-noun-fr "Santos"-properNoun-es
"Gasset"-properNoun-es "Gasset"-noun-fr
"Gasset"-noun-fr "Gasset"-properNoun-es
"Barrena"-properNoun-es "Barrena"-noun-fr
"Barrena"-noun-fr "Barrena"-properNoun-es
"Yagüe"-properNoun-es "Yagüe"-noun-fr
"Yagüe"-noun-fr "Yagüe"-properNoun-es
"Linares"-properNoun-es "Linares"-noun-fr
"Linares"-noun-fr "Linares"-properNoun-es
"Maestre"-properNoun-es "Maestre"-noun-fr
"Maestre"-noun-fr "Maestre"-properNoun-es
"Lugo"-properNoun-es "Lugo"-noun-fr
"Lugo"-noun-fr "Lugo"-properNoun-es
"Lázaro"-properNoun-es "Lázaro"-noun-fr
"Lázaro"-noun-fr "Lázaro"-properNoun-es
"Tello"-properNoun-es "Tello"-noun-fr
"Tello"-noun-fr "Tello"-properNoun-es
"Ballesteros"-properNoun-es "Ballesteros"-noun-fr
"Ballesteros"-noun-fr "Ballesteros"-properNoun-es
"Berenguer"-properNoun-es "Berenguer"-noun-fr
"Berenguer"-noun-fr "Berenguer"-properNoun-es
"Artois"-noun-fr "Artois"-properNoun-es
"Artois"-properNoun-es "Artois"-noun-fr
"Artois"-properNoun-es "Artés"-noun-fr
"Artois"-properNoun-es "Artés"-properNoun-fr
"Artés"-noun-fr "Artois"-properNoun-es
"Artés"-properNoun-fr "Artois"-properNoun-es
"Malla"-properNoun-es "Malla"-noun-fr
"Malla"-noun-fr "Malla"-properNoun-es
"Ferrán"-properNoun-es "Ferrán"-noun-fr
"Ferrán"-noun-fr "Ferrán"-properNoun-es
"Gargallo"-properNoun-es "Gargallo"-noun-fr
"Gargallo"-noun-fr "Gargallo"-properNoun-es
"Corbera"-properNoun-es "Corbera"-noun-fr
"Corbera"-noun-fr "Corbera"-properNoun-es
"Belmonte"-properNoun-es "Belmonte"-noun-fr
"Belmonte"-noun-fr "Belmonte"-properNoun-es
"Samper"-properNoun-es "Samper"-noun-fr
"Samper"-noun-fr "Samper"-properNoun-es
"Trueba"-properNoun-es "Trueba"-noun-fr
"Trueba"-noun-fr "Trueba"-properNoun-es
"Bonet"-properNoun-es "Bonet"-noun-fr
"Bonet"-noun-fr "Bonet"-properNoun-es
"Navas"-properNoun-es "Navas"-noun-fr
"Navas"-noun-fr "Navas"-properNoun-es
"Pedrosa"-properNoun-es "Pedrosa"-noun-fr
"Pedrosa"-noun-fr "Pedrosa"-properNoun-es
"Calleja"-properNoun-es "Calleja"-noun-fr
"Calleja"-noun-fr "Calleja"-properNoun-es
"Nouvel"-properNoun-es "Nouvel"-noun-fr
"Nouvel"-noun-fr "Nouvel"-properNoun-es
"Presley"-properNoun-es "Presley"-noun-fr
"Presley"-noun-fr "Presley"-properNoun-es
"Meseguer"-properNoun-es "Meseguer"-noun-fr
"Meseguer"-noun-fr "Meseguer"-properNoun-es
"Pomares"-properNoun-es "Pomares"-noun-fr
"Pomares"-noun-fr "Pomares"-properNoun-es
"Rovira"-properNoun-es "Rovira"-noun-fr
"Rovira"-noun-fr "Rovira"-properNoun-es
"Segarra"-properNoun-es "Segarra"-noun-fr
"Segarra"-noun-fr "Segarra"-properNoun-es
"Lluch"-properNoun-es "Lluch"-noun-fr
"Lluch"-noun-fr "Lluch"-properNoun-es
"Alexis"-properNoun-es "Alexis"-noun-fr
"Alexis"-noun-fr "Alexis"-properNoun-es
"Pla"-properNoun-es "Pla"-noun-fr
"Pla"-noun-fr "Pla"-properNoun-es
"Maradona"-properNoun-es "Maradona"-noun-fr
"Maradona"-noun-fr "Maradona"-properNoun-es
"Ballester"-properNoun-es "Ballester"-noun-fr
"Ballester"-noun-fr "Ballester"-properNoun-es
"Segura"-properNoun-es "Segura"-noun-fr
"Segura"-noun-fr "Segura"-properNoun-es
"Pedrós"-properNoun-es "Pedrós"-noun-fr
"Pedrós"-noun-fr "Pedrós"-properNoun-es
"Germán"-properNoun-es "Germán"-noun-fr
"Germán"-noun-fr "Germán"-properNoun-es
"Lorca"-properNoun-es "Lorca"-noun-fr
"Lorca"-noun-fr "Lorca"-properNoun-es
"Gomis"-properNoun-es "Gomis"-noun-fr
"Gomis"-noun-fr "Gomis"-properNoun-es
"Asensi"-properNoun-es "Asensi"-noun-fr
"Asensi"-noun-fr "Asensi"-properNoun-es
"Fabra"-properNoun-es "Fabra"-noun-fr
"Fabra"-noun-fr "Fabra"-properNoun-es
"Kelly"-properNoun-es "Kelly"-noun-fr
"Kelly"-noun-fr "Kelly"-properNoun-es
"Aparisi"-properNoun-es "Aparisi"-noun-fr
"Aparisi"-noun-fr "Aparisi"-properNoun-es
"Carod"-properNoun-es "Carod"-noun-fr
"Carod"-noun-fr "Carod"-properNoun-es
"Jáuregui"-properNoun-es "Jáuregui"-noun-fr
"Jáuregui"-noun-fr "Jáuregui"-properNoun-es
"Collado"-properNoun-es "Collado"-noun-fr
"Collado"-noun-fr "Collado"-properNoun-es
"Saura"-properNoun-es "Saura"-noun-fr
"Saura"-noun-fr "Saura"-properNoun-es
"Álvaro"-properNoun-es "Álvaro"-noun-fr
"Álvaro"-noun-fr "Álvaro"-properNoun-es
"Cazorla"-properNoun-es "Cazorla"-noun-fr
"Cazorla"-noun-fr "Cazorla"-properNoun-es
"Gasol"-properNoun-es "Gasol"-noun-fr
"Gasol"-noun-fr "Gasol"-properNoun-es
"Bernal"-properNoun-es "Bernal"-noun-fr
"Bernal"-noun-fr "Bernal"-properNoun-es
"Lawrence"-properNoun-es "Lawrence"-noun-fr
"Lawrence"-noun-fr "Lawrence"-properNoun-es
"Almansa"-properNoun-es "Almansa"-noun-fr
"Almansa"-noun-fr "Almansa"-properNoun-es
"Sancho"-properNoun-es "Sancho"-noun-fr
"Sancho"-noun-fr "Sancho"-properNoun-es
"Heredia"-properNoun-es "Heredia"-noun-fr
"Heredia"-noun-fr "Heredia"-properNoun-es
"Quintero"-properNoun-es "Quintero"-noun-fr
"Quintero"-noun-fr "Quintero"-properNoun-es
"Cruz"-properNoun-es "Cruz"-noun-fr
"Cruz"-noun-fr "Cruz"-properNoun-es
"Picazo"-properNoun-es "Picazo"-noun-fr
"Picazo"-noun-fr "Picazo"-properNoun-es
"Donald"-properNoun-es "Donald"-noun-fr
"Donald"-noun-fr "Donald"-properNoun-es
"Warner"-properNoun-es "Warner"-noun-fr
"Warner"-noun-fr "Warner"-properNoun-es
"Grégoire"-noun-fr "Grégoire"-properNoun-es
"Grégoire"-properNoun-es "Grégoire"-noun-fr
"Gregorio"-properNoun-es "Gregorio"-noun-fr
"Gregorio"-noun-fr "Gregorio"-properNoun-es
"Elías"-properNoun-es "Elías"-noun-fr
"Elías"-noun-fr "Elías"-properNoun-es
"Conesa"-properNoun-es "Conesa"-noun-fr
"Conesa"-noun-fr "Conesa"-properNoun-es
"Chaves"-properNoun-es "Chaves"-noun-fr
"Chaves"-noun-fr "Chaves"-properNoun-es
"Friedman"-properNoun-es "Friedman"-noun-fr
"Friedman"-noun-fr "Friedman"-properNoun-es
"Escrivá"-properNoun-es "Escrivá"-noun-fr
"Escrivá"-noun-fr "Escrivá"-properNoun-es
"Barberá"-properNoun-es "Barberá"-noun-fr
"Barberá"-noun-fr "Barberá"-properNoun-es
"Llorens"-properNoun-es "Llorens"-noun-fr
"Llorens"-noun-fr "Llorens"-properNoun-es
"neuf cent"-numeral-fr "novecientos"-numeral-es
"novecientos"-numeral-es "neuf cent"-numeral-fr
"Subirats"-properNoun-es "Subirats"-noun-fr
"Subirats"-noun-fr "Subirats"-properNoun-es
"Andrew"-properNoun-es "Andrew"-noun-fr
"Andrew"-noun-fr "Andrew"-properNoun-es
"Antón"-properNoun-es "Antón"-noun-fr
"Antón"-noun-fr "Antón"-properNoun-es
"Silvestre"-properNoun-es "Silvestre"-noun-fr
"Silvestre"-noun-fr "Silvestre"-properNoun-es
"Berlusconi"-properNoun-es "Berlusconi"-noun-fr
"Berlusconi"-noun-fr "Berlusconi"-properNoun-es
"Williams"-properNoun-es "Williams"-noun-fr
"Williams"-noun-fr "Williams"-properNoun-es
"Pedraza"-properNoun-es "Pedraza"-noun-fr
"Pedraza"-noun-fr "Pedraza"-properNoun-es
"Roig"-properNoun-es "Roig"-noun-fr
"Roig"-noun-fr "Roig"-properNoun-es
"Belenguer"-properNoun-es "Belenguer"-noun-fr
"Belenguer"-noun-fr "Belenguer"-properNoun-es
"Félix"-properNoun-es "Félix"-noun-fr
"Félix"-noun-fr "Félix"-properNoun-es
"Anderson"-properNoun-es "Anderson"-noun-fr
"Anderson"-noun-fr "Anderson"-properNoun-es
"Romeu"-properNoun-es "Romeu"-noun-fr
"Romeu"-noun-fr "Romeu"-properNoun-es
"Vicens"-properNoun-es "Vicens"-noun-fr
"Vicens"-noun-fr "Vicens"-properNoun-es
"Castelló"-properNoun-es "Castelló"-properNoun-fr
"Castelló"-properNoun-es "Castelló"-noun-fr
"Castelló"-properNoun-fr "Castelló"-properNoun-es
"Castelló"-properNoun-fr "Castellón"-properNoun-es
"Castelló"-noun-fr "Castelló"-properNoun-es
"Castelló"-noun-fr "Castellón"-properNoun-es
"Castellón"-properNoun-es "Castelló"-properNoun-fr
"Castellón"-properNoun-es "Castelló"-noun-fr
"Perales"-properNoun-es "Perales"-noun-fr
"Perales"-noun-fr "Perales"-properNoun-es
"Camps"-properNoun-es "Camps"-noun-fr
"Camps"-noun-fr "Camps"-properNoun-es
"Palomares"-properNoun-es "Palomares"-noun-fr
"Palomares"-noun-fr "Palomares"-properNoun-es
"Esteban"-properNoun-es "Esteban"-noun-fr
"Esteban"-noun-fr "Esteban"-properNoun-es
"Janeiro"-properNoun-es "Janeiro"-noun-fr
"Janeiro"-noun-fr "Janeiro"-properNoun-es
"Andrade"-properNoun-es "Andrade"-noun-fr
"Andrade"-noun-fr "Andrade"-properNoun-es
"Cavero"-properNoun-es "Cavero"-noun-fr
"Cavero"-noun-fr "Cavero"-properNoun-es
"Gandia"-properNoun-es "Gandia"-noun-fr
"Gandia"-noun-fr "Gandia"-properNoun-es
"Nebot"-properNoun-es "Nebot"-noun-fr
"Nebot"-noun-fr "Nebot"-properNoun-es
"Soro"-properNoun-es "Soro"-noun-fr
"Soro"-noun-fr "Soro"-properNoun-es
"Vilar"-properNoun-es "Vilar"-noun-fr
"Vilar"-noun-fr "Vilar"-properNoun-es
"Carrión"-properNoun-es "Carrión"-noun-fr
"Carrión"-noun-fr "Carrión"-properNoun-es
"Haro"-properNoun-es "Haro"-noun-fr
"Haro"-noun-fr "Haro"-properNoun-es
"Carratalá"-properNoun-es "Carratalá"-noun-fr
"Carratalá"-noun-fr "Carratalá"-properNoun-es
"Gonzalo"-properNoun-es "Gonzalo"-noun-fr
"Gonzalo"-noun-fr "Gonzalo"-properNoun-es
"Pont"-properNoun-es "Pont"-noun-fr
"Pont"-noun-fr "Pont"-properNoun-es
"Amador"-properNoun-es "Amador"-noun-fr
"Amador"-noun-fr "Amador"-properNoun-es
"Lajara"-properNoun-es "Lajara"-noun-fr
"Lajara"-noun-fr "Lajara"-properNoun-es
"Lahoz"-properNoun-es "Lahoz"-noun-fr
"Lahoz"-noun-fr "Lahoz"-properNoun-es
"Latorre"-properNoun-es "Latorre"-noun-fr
"Latorre"-noun-fr "Latorre"-properNoun-es
"Olmo"-properNoun-es "Olmo"-noun-fr
"Olmo"-noun-fr "Olmo"-properNoun-es
"Obregón"-properNoun-es "Obregón"-noun-fr
"Obregón"-noun-fr "Obregón"-properNoun-es
"Villar"-properNoun-es "Villar"-noun-fr
"Villar"-noun-fr "Villar"-properNoun-es
"Ferrandis"-properNoun-es "Ferrandis"-noun-fr
"Ferrandis"-noun-fr "Ferrandis"-properNoun-es
"Zorrilla"-properNoun-es "Zorrilla"-noun-fr
"Zorrilla"-noun-fr "Zorrilla"-properNoun-es
"Bautista"-properNoun-es "Bautista"-noun-fr
"Bautista"-noun-fr "Bautista"-properNoun-es
"Denis"-properNoun-es "Denis"-noun-fr
"Denis"-noun-fr "Denis"-properNoun-es
"Romeo"-properNoun-es "Romeo"-noun-fr
"Romeo"-noun-fr "Romeo"-properNoun-es
"Escribano"-properNoun-es "Escribano"-noun-fr
"Escribano"-noun-fr "Escribano"-properNoun-es
"Ordóñez"-properNoun-es "Ordóñez"-noun-fr
"Ordóñez"-noun-fr "Ordóñez"-properNoun-es
"Piqué"-properNoun-es "Piqué"-noun-fr
"Piqué"-noun-fr "Piqué"-properNoun-es
"Serna"-properNoun-es "Serna"-noun-fr
"Serna"-noun-fr "Serna"-properNoun-es
"Rioja"-properNoun-es "Rioja"-noun-fr
"Rioja"-noun-fr "Rioja"-properNoun-es
"Climent"-properNoun-es "Climent"-noun-fr
"Climent"-noun-fr "Climent"-properNoun-es
"Olmos"-properNoun-es "Olmos"-noun-fr
"Olmos"-noun-fr "Olmos"-properNoun-es
"Litvinenko"-properNoun-es "Litvinenko"-noun-fr
"Litvinenko"-noun-fr "Litvinenko"-properNoun-es
"Casals"-properNoun-es "Casals"-noun-fr
"Casals"-noun-fr "Casals"-properNoun-es
"Gallardo"-properNoun-es "Gallardo"-noun-fr
"Gallardo"-noun-fr "Gallardo"-properNoun-es
"Vincent"-properNoun-es "Vincent"-noun-fr
"Vincent"-noun-fr "Vincent"-properNoun-es
"Caballer"-properNoun-es "Caballer"-noun-fr
"Caballer"-noun-fr "Caballer"-properNoun-es
"Piera"-properNoun-es "Piera"-noun-fr
"Piera"-noun-fr "Piera"-properNoun-es
"Gago"-properNoun-es "Gago"-noun-fr
"Gago"-noun-fr "Gago"-properNoun-es
"Orange"-noun-fr "Orange"-properNoun-es
"Orange"-properNoun-es "Orange"-noun-fr
"Rosselló"-properNoun-es "Roussillon"-properNoun-fr
"Roussillon"-properNoun-fr "Rosselló"-properNoun-es
"Jugnot"-properNoun-es "Jugnot"-noun-fr
"Jugnot"-noun-fr "Jugnot"-properNoun-es
"Galindo"-properNoun-es "Galindo"-noun-fr
"Galindo"-noun-fr "Galindo"-properNoun-es
"Vila"-properNoun-es "Vila"-noun-fr
"Vila"-noun-fr "Vila"-properNoun-es
"Laden"-properNoun-es "Laden"-noun-fr
"Laden"-noun-fr "Laden"-properNoun-es
"Carbonell"-properNoun-es "Carbonell"-noun-fr
"Carbonell"-noun-fr "Carbonell"-properNoun-es
"Mestre"-properNoun-es "Mestre"-noun-fr
"Mestre"-noun-fr "Mestre"-properNoun-es
"Vilanova"-properNoun-es "Vilanova"-noun-fr
"Vilanova"-noun-fr "Vilanova"-properNoun-es
"Royo"-properNoun-es "Royo"-noun-fr
"Royo"-noun-fr "Royo"-properNoun-es
"Font"-properNoun-es "Font"-noun-fr
"Font"-noun-fr "Font"-properNoun-es
"Bartolomé"-properNoun-es "Bartolomé"-noun-fr
"Bartolomé"-noun-fr "Bartolomé"-properNoun-es
"Molino"-properNoun-es "Molino"-noun-fr
"Molino"-noun-fr "Molino"-properNoun-es
"Mengual"-properNoun-es "Mengual"-noun-fr
"Mengual"-noun-fr "Mengual"-properNoun-es
"Macià"-properNoun-es "Macià"-noun-fr
"Macià"-noun-fr "Macià"-properNoun-es
"Garrido"-properNoun-es "Garrido"-noun-fr
"Garrido"-noun-fr "Garrido"-properNoun-es
"Taylor"-properNoun-es "Taylor"-noun-fr
"Taylor"-noun-fr "Taylor"-properNoun-es
"Ramiro"-properNoun-es "Ramiro"-noun-fr
"Ramiro"-noun-fr "Ramiro"-properNoun-es
"Borrell"-properNoun-es "Borrell"-noun-fr
"Borrell"-noun-fr "Borrell"-properNoun-es
"Hurtado"-properNoun-es "Hurtado"-noun-fr
"Hurtado"-noun-fr "Hurtado"-properNoun-es
"Moliner"-properNoun-es "Moliner"-noun-fr
"Moliner"-noun-fr "Moliner"-properNoun-es
"Balaguer"-properNoun-es "Balaguer"-noun-fr
"Balaguer"-noun-fr "Balaguer"-properNoun-es
"Odriozola"-properNoun-es "Odriozola"-noun-fr
"Odriozola"-noun-fr "Odriozola"-properNoun-es
"Torrijos"-properNoun-es "Torrijos"-noun-fr
"Torrijos"-noun-fr "Torrijos"-properNoun-es
"Granell"-properNoun-es "Granell"-noun-fr
"Granell"-noun-fr "Granell"-properNoun-es
"Velasco"-properNoun-es "Velasco"-noun-fr
"Velasco"-noun-fr "Velasco"-properNoun-es
"Terrassa"-properNoun-es "Terrassa"-noun-fr
"Terrassa"-noun-fr "Terrassa"-properNoun-es
"Barea"-properNoun-es "Barea"-noun-fr
"Barea"-noun-fr "Barea"-properNoun-es
"Sanchís"-properNoun-es "Sanchís"-noun-fr
"Sanchís"-noun-fr "Sanchís"-properNoun-es
"Amorós"-properNoun-es "Amorós"-noun-fr
"Amorós"-noun-fr "Amorós"-properNoun-es
"Torrent"-properNoun-es "Torrent"-noun-fr
"Torrent"-noun-fr "Torrent"-properNoun-es
"Aguilar"-properNoun-es "Aguilar"-noun-fr
"Aguilar"-noun-fr "Aguilar"-properNoun-es
"Vázquez"-properNoun-es "Vázquez"-noun-fr
"Vázquez"-noun-fr "Vázquez"-properNoun-es
"Plana"-properNoun-es "Plana"-noun-fr
"Plana"-noun-fr "Plana"-properNoun-es
"Gordon"-properNoun-es "Gordon"-noun-fr
"Gordon"-noun-fr "Gordon"-properNoun-es
"Marcelo"-properNoun-es "Marcelo"-noun-fr
"Marcelo"-noun-fr "Marcelo"-properNoun-es
"Stones"-properNoun-es "Stones"-noun-fr
"Stones"-noun-fr "Stones"-properNoun-es
"Bruce"-properNoun-es "Bruce"-noun-fr
"Bruce"-noun-fr "Bruce"-properNoun-es
"Carrasco"-properNoun-es "Carrasco"-noun-fr
"Carrasco"-noun-fr "Carrasco"-properNoun-es
"Tena"-properNoun-es "Tena"-noun-fr
"Tena"-noun-fr "Tena"-properNoun-es
"Civera"-properNoun-es "Civera"-noun-fr
"Civera"-noun-fr "Civera"-properNoun-es
"Calafell"-properNoun-es "Calafell"-noun-fr
"Calafell"-noun-fr "Calafell"-properNoun-es
"Esquerdo"-properNoun-es "Esquerdo"-noun-fr
"Esquerdo"-noun-fr "Esquerdo"-properNoun-es
"Salazar"-properNoun-es "Salazar"-noun-fr
"Salazar"-noun-fr "Salazar"-properNoun-es
"Veiga"-properNoun-es "Veiga"-noun-fr
"Veiga"-noun-fr "Veiga"-properNoun-es
"Saiz"-properNoun-es "Saiz"-noun-fr
"Saiz"-noun-fr "Saiz"-properNoun-es
"Sagrera"-properNoun-es "Sagrera"-noun-fr
"Sagrera"-noun-fr "Sagrera"-properNoun-es
"Ochoa"-properNoun-es "Ochoa"-noun-fr
"Ochoa"-noun-fr "Ochoa"-properNoun-es
"Villalobos"-properNoun-es "Villalobos"-noun-fr
"Villalobos"-noun-fr "Villalobos"-properNoun-es
"Valls"-properNoun-es "Valls"-noun-fr
"Valls"-noun-fr "Valls"-properNoun-es
"Damián"-properNoun-es "Damián"-noun-fr
"Damián"-noun-fr "Damián"-properNoun-es
"Jarque"-properNoun-es "Jarque"-noun-fr
"Jarque"-noun-fr "Jarque"-properNoun-es
"Morata"-properNoun-es "Morata"-noun-fr
"Morata"-noun-fr "Morata"-properNoun-es
"Ortuño"-properNoun-es "Ortuño"-noun-fr
"Ortuño"-noun-fr "Ortuño"-properNoun-es
"Howard"-properNoun-es "Howard"-noun-fr
"Howard"-noun-fr "Howard"-properNoun-es
"Oliveira"-properNoun-es "Oliveira"-noun-fr
"Oliveira"-noun-fr "Oliveira"-properNoun-es
"Peralta"-properNoun-es "Peralta"-noun-fr
"Peralta"-noun-fr "Peralta"-properNoun-es
"Varela"-properNoun-es "Varela"-noun-fr
"Varela"-noun-fr "Varela"-properNoun-es
"Bono"-properNoun-es "Bono"-noun-fr
"Bono"-noun-fr "Bono"-properNoun-es
"Burgos"-properNoun-es "Burgos"-noun-fr
"Burgos"-noun-fr "Burgos"-properNoun-es
"Cristóbal"-properNoun-es "Cristóbal"-noun-fr
"Cristóbal"-noun-fr "Cristóbal"-properNoun-es
"Monge"-properNoun-es "Monge"-noun-fr
"Monge"-noun-fr "Monge"-properNoun-es
"Forn"-properNoun-es "Forn"-noun-fr
"Forn"-noun-fr "Forn"-properNoun-es
"Solbes"-properNoun-es "Solbes"-noun-fr
"Solbes"-noun-fr "Solbes"-properNoun-es
"Bailén"-properNoun-es "Bailén"-noun-fr
"Bailén"-noun-fr "Bailén"-properNoun-es
"Zapater"-properNoun-es "Zapater"-noun-fr
"Zapater"-noun-fr "Zapater"-properNoun-es
"Viana"-properNoun-es "Viana"-noun-fr
"Viana"-noun-fr "Viana"-properNoun-es
"Rivas"-properNoun-es "Rivas"-noun-fr
"Rivas"-noun-fr "Rivas"-properNoun-es
"Iribarne"-properNoun-es "Iribarne"-noun-fr
"Iribarne"-noun-fr "Iribarne"-properNoun-es
"Duarte"-properNoun-es "Duarte"-noun-fr
"Duarte"-noun-fr "Duarte"-properNoun-es
"Bermejo"-properNoun-es "Bermejo"-noun-fr
"Bermejo"-noun-fr "Bermejo"-properNoun-es
"Mohamed"-properNoun-es "Mohamed"-noun-fr
"Mohamed"-noun-fr "Mohamed"-properNoun-es
"Marco"-properNoun-es "Marco"-noun-fr
"Marco"-noun-fr "Marco"-properNoun-es
"Bernabé"-properNoun-es "Bernabé"-noun-fr
"Bernabé"-noun-fr "Bernabé"-properNoun-es
"Cervera"-properNoun-es "Cervera"-noun-fr
"Cervera"-noun-fr "Cervera"-properNoun-es
"Elvira"-properNoun-es "Elvira"-noun-fr
"Elvira"-noun-fr "Elvira"-properNoun-es
"Sanjuán"-properNoun-es "Sanjuán"-noun-fr
"Sanjuán"-noun-fr "Sanjuán"-properNoun-es
"Barbara"-properNoun-es "Barbara"-noun-fr
"Barbara"-noun-fr "Barbara"-properNoun-es
"Fort"-properNoun-es "Fort"-noun-fr
"Fort"-noun-fr "Fort"-properNoun-es
"Beltrán"-properNoun-es "Beltrán"-noun-fr
"Beltrán"-noun-fr "Beltrán"-properNoun-es
"Eizaguirre"-properNoun-es "Eizaguirre"-noun-fr
"Eizaguirre"-noun-fr "Eizaguirre"-properNoun-es
"Garrigós"-properNoun-es "Garrigós"-noun-fr
"Garrigós"-noun-fr "Garrigós"-properNoun-es
"Hassan"-properNoun-es "Hassan"-noun-fr
"Hassan"-noun-fr "Hassan"-properNoun-es
"Oliva"-properNoun-es "Oliva"-noun-fr
"Oliva"-noun-fr "Oliva"-properNoun-es
"Cañizares"-properNoun-es "Cañizares"-noun-fr
"Cañizares"-noun-fr "Cañizares"-properNoun-es
"Llamazares"-properNoun-es "Llamazares"-noun-fr
"Llamazares"-noun-fr "Llamazares"-properNoun-es
"Querol"-properNoun-es "Querol"-noun-fr
"Querol"-noun-fr "Querol"-properNoun-es
"Calvin"-properNoun-es "Calvin"-noun-fr
"Calvin"-noun-fr "Calvin"-properNoun-es
"Olmedo"-properNoun-es "Olmedo"-noun-fr
"Olmedo"-noun-fr "Olmedo"-properNoun-es
"Estrada"-properNoun-es "Estrada"-noun-fr
"Estrada"-noun-fr "Estrada"-properNoun-es
"Vallejo"-properNoun-es "Vallejo"-noun-fr
"Vallejo"-noun-fr "Vallejo"-properNoun-es
"Falcó"-properNoun-es "Falcó"-noun-fr
"Falcó"-noun-fr "Falcó"-properNoun-es
"Guy"-properNoun-es "Guy"-noun-fr
"Guy"-noun-fr "Guy"-properNoun-es
"Ferrer"-properNoun-es "Ferrer"-noun-fr
"Ferrer"-noun-fr "Ferrer"-properNoun-es
"Bellver"-properNoun-es "Bellver"-noun-fr
"Bellver"-noun-fr "Bellver"-properNoun-es
"Hernando"-properNoun-es "Hernando"-noun-fr
"Hernando"-noun-fr "Hernando"-properNoun-es
"Rosendo"-properNoun-es "Rosendo"-noun-fr
"Rosendo"-noun-fr "Rosendo"-properNoun-es
"Zaplana"-properNoun-es "Zaplana"-noun-fr
"Zaplana"-noun-fr "Zaplana"-properNoun-es
"Hinojosa"-properNoun-es "Hinojosa"-noun-fr
"Hinojosa"-noun-fr "Hinojosa"-properNoun-es
"Català"-properNoun-es "Català"-noun-fr
"Català"-noun-fr "Català"-properNoun-es
"Luengo"-properNoun-es "Luengo"-noun-fr
"Luengo"-noun-fr "Luengo"-properNoun-es
"Mula"-properNoun-es "Mula"-noun-fr
"Mula"-noun-fr "Mula"-properNoun-es
"Gil"-properNoun-es "Gil"-noun-fr
"Gil"-noun-fr "Gil"-properNoun-es
"Encarnación"-properNoun-es "Encarnación"-noun-fr
"Encarnación"-noun-fr "Encarnación"-properNoun-es
"Bruguera"-properNoun-es "Bruguera"-noun-fr
"Bruguera"-noun-fr "Bruguera"-properNoun-es
"Serrano"-properNoun-es "Serrano"-noun-fr
"Serrano"-noun-fr "Serrano"-properNoun-es
"Galiana"-properNoun-es "Galiana"-noun-fr
"Galiana"-noun-fr "Galiana"-properNoun-es
"Beitia"-properNoun-es "Beitia"-noun-fr
"Beitia"-noun-fr "Beitia"-properNoun-es
"Ortega"-properNoun-es "Ortega"-noun-fr
"Ortega"-noun-fr "Ortega"-properNoun-es
"Zamorano"-properNoun-es "Zamorano"-noun-fr
"Zamorano"-noun-fr "Zamorano"-properNoun-es
"Molins"-properNoun-es "Molins"-noun-fr
"Molins"-noun-fr "Molins"-properNoun-es
"Burgo"-properNoun-es "Burgo"-noun-fr
"Burgo"-noun-fr "Burgo"-properNoun-es
"Rivero"-properNoun-es "Rivero"-noun-fr
"Rivero"-noun-fr "Rivero"-properNoun-es
"Buades"-properNoun-es "Buades"-noun-fr
"Buades"-noun-fr "Buades"-properNoun-es
"Pascal"-properNoun-es "Pascal"-noun-fr
"Pascal"-noun-fr "Pascal"-properNoun-es
"Bachelet"-properNoun-es "Bachelet"-noun-fr
"Bachelet"-noun-fr "Bachelet"-properNoun-es
"Bocanegra"-properNoun-es "Bocanegra"-noun-fr
"Bocanegra"-noun-fr "Bocanegra"-properNoun-es
"Tormo"-properNoun-es "Tormo"-noun-fr
"Tormo"-noun-fr "Tormo"-properNoun-es
"Butragueño"-properNoun-es "Butragueño"-noun-fr
"Butragueño"-noun-fr "Butragueño"-properNoun-es
"Grass"-properNoun-es "Grass"-noun-fr
"Grass"-noun-fr "Grass"-properNoun-es
"Fajardo"-properNoun-es "Fajardo"-noun-fr
"Fajardo"-noun-fr "Fajardo"-properNoun-es
"ochocientos"-numeral-es "huit cent"-numeral-fr
"ochocientos"-numeral-es "huit-cent"-numeral-fr
"huit cent"-numeral-fr "ochocientos"-numeral-es
"huit-cent"-numeral-fr "ochocientos"-numeral-es
"Ramos"-properNoun-es "Ramos"-noun-fr
"Ramos"-noun-fr "Ramos"-properNoun-es
"Briz"-properNoun-es "Briz"-noun-fr
"Briz"-noun-fr "Briz"-properNoun-es
"Limoges"-noun-fr "Limoges"-properNoun-es
"Limoges"-properNoun-es "Limoges"-noun-fr
"Oviedo"-properNoun-es "Oviedo"-noun-fr
"Oviedo"-noun-fr "Oviedo"-properNoun-es
"Stanley"-properNoun-es "Stanley"-noun-fr
"Stanley"-noun-fr "Stanley"-properNoun-es
"Davis"-properNoun-es "Davis"-noun-fr
"Davis"-noun-fr "Davis"-properNoun-es
"Vilafranca"-properNoun-es "Vilafranca"-noun-fr
"Vilafranca"-noun-fr "Vilafranca"-properNoun-es
"Vilafranca"-noun-fr "Villafranca del Cid"-properNoun-es
"Villafranca del Cid"-properNoun-es "Vilafranca"-noun-fr
"Valentín"-properNoun-es "Valentín"-noun-fr
"Valentín"-noun-fr "Valentín"-properNoun-es
"Zapata"-properNoun-es "Zapata"-noun-fr
"Zapata"-noun-fr "Zapata"-properNoun-es
"Gijón"-properNoun-es "Gijón"-noun-fr
"Gijón"-noun-fr "Gijón"-properNoun-es
"Crespo"-properNoun-es "Crespo"-noun-fr
"Crespo"-noun-fr "Crespo"-properNoun-es
"Palau"-properNoun-es "Palau"-noun-fr
"Palau"-noun-fr "Palau"-properNoun-es
"Bernabéu"-properNoun-es "Bernabéu"-noun-fr
"Bernabéu"-noun-fr "Bernabéu"-properNoun-es
"Ivanovic"-properNoun-es "Ivanovic"-noun-fr
"Ivanovic"-noun-fr "Ivanovic"-properNoun-es
"Pepe"-properNoun-es "Pepe"-noun-fr
"Pepe"-noun-fr "Pepe"-properNoun-es
"Ferrando"-properNoun-es "Ferrando"-noun-fr
"Ferrando"-noun-fr "Ferrando"-properNoun-es
"Vallés"-properNoun-es "Vallés"-noun-fr
"Vallés"-noun-fr "Vallés"-properNoun-es
"Bertrán"-properNoun-es "Bertrán"-noun-fr
"Bertrán"-noun-fr "Bertrán"-properNoun-es
"Torras"-properNoun-es "Torras"-noun-fr
"Torras"-noun-fr "Torras"-properNoun-es
"Angulo"-properNoun-es "Angulo"-noun-fr
"Angulo"-noun-fr "Angulo"-properNoun-es
"Lucio"-properNoun-es "Lucio"-noun-fr
"Lucio"-noun-fr "Lucio"-properNoun-es
"Jerez"-properNoun-es "Jerez"-noun-fr
"Jerez"-noun-fr "Jerez"-properNoun-es
"Herrero"-properNoun-es "Herrero"-noun-fr
"Herrero"-noun-fr "Herrero"-properNoun-es
"Padilla"-properNoun-es "Padilla"-noun-fr
"Padilla"-noun-fr "Padilla"-properNoun-es
"Postigo"-properNoun-es "Postigo"-noun-fr
"Postigo"-noun-fr "Postigo"-properNoun-es
"Paloma"-properNoun-es "Paloma"-noun-fr
"Paloma"-noun-fr "Paloma"-properNoun-es
"Lacruz"-properNoun-es "Lacruz"-noun-fr
"Lacruz"-noun-fr "Lacruz"-properNoun-es
"Henares"-properNoun-es "Henares"-noun-fr
"Henares"-noun-fr "Henares"-properNoun-es
"Grau"-properNoun-es "Grau"-noun-fr
"Grau"-noun-fr "Grau"-properNoun-es
"Garcés"-properNoun-es "Garcés"-noun-fr
"Garcés"-noun-fr "Garcés"-properNoun-es
"Parra"-properNoun-es "Parra"-noun-fr
"Parra"-noun-fr "Parra"-properNoun-es
"Cárdenas"-properNoun-es "Cárdenas"-noun-fr
"Cárdenas"-noun-fr "Cárdenas"-properNoun-es
"Beneyto"-properNoun-es "Beneyto"-noun-fr
"Beneyto"-noun-fr "Beneyto"-properNoun-es
"Baltasar"-properNoun-es "Baltasar"-noun-fr
"Baltasar"-noun-fr "Baltasar"-properNoun-es
"Sáenz"-properNoun-es "Sáenz"-noun-fr
"Sáenz"-noun-fr "Sáenz"-properNoun-es
"Bellido"-properNoun-es "Bellido"-noun-fr
"Bellido"-noun-fr "Bellido"-properNoun-es
"Prats"-properNoun-es "Prats"-noun-fr
"Prats"-noun-fr "Prats"-properNoun-es
"Montoya"-properNoun-es "Montoya"-noun-fr
"Montoya"-noun-fr "Montoya"-properNoun-es
